{"features":[{"geometry":{"coordinates":[[[15.95045105530873,-3.930469644241713],[16.010469359851708,-3.971403007064045],[16.047544680360183,-3.943348510950872],[16.0758136795945,-3.947909164517077],[16.313115959830903,-4.070920098835763],[16.469337240363846,-4.173588865469853],[16.455904200117754,-4.195733882107901],[16.493189750657216,-4.239556594048867],[16.53245240600046,-4.36128273542629],[16.497834523071422,-4.421467954560415],[16.494233545406644,-4.483520310397623],[16.46424539978893,-4.483568969667322],[16.41963420039687,-4.456592952367572],[16.406137439952733,-4.465158869828924],[16.394905440137684,-4.521506894761657],[16.290872640333507,-4.72840936004606],[16.262482024481077,-4.747762665935459],[16.24016968831875,-4.835053699402446],[16.26920125392304,-4.895449956827875],[16.259926696586835,-4.968388830105188],[16.03892016013321,-4.958469820259988],[16.00633188045149,-4.971560892484947],[15.964729200031371,-4.945038049907656],[15.91670376026427,-4.957226790473912],[15.898365720039193,-4.892906375808403],[15.857518634164139,-4.859094370826477],[15.866436285448078,-4.873069583278984],[15.842285690787246,-4.889207466322796],[15.866103053596818,-4.947681944988151],[15.85185315639827,-5.000581055143899],[15.833171624663047,-5.024929089950773],[15.779376359724932,-5.023493996054081],[15.754350240038745,-5.018192920285108],[15.743621879789421,-4.969634531444734],[15.624385920251584,-4.892356716676528],[15.613781399950723,-4.861671150094415],[15.624510839974988,-4.818521740668234],[15.68375892001021,-4.807190689493178],[15.709694040440855,-4.776126927110934],[15.720184799890754,-4.710590501997725],[15.750998279862298,-4.647492812750595],[15.732621000327338,-4.61895547676504],[15.678328679576195,-4.594527853056781],[15.6674447499843,-4.568850635789843],[15.64716530939475,-4.604216762064182],[15.550567399869921,-4.604296900305513],[15.524927499977618,-4.587741899615712],[15.4767133996278,-4.607880700003834],[15.438432699908164,-4.546220099700542],[15.422326300325993,-4.544459300333476],[15.402900045457315,-4.560195980686891],[15.407709761134106,-4.588289276734221],[15.389823720820669,-4.624997068448024],[15.33430449991913,-4.646823000104397],[15.314352700066538,-4.624632600365866],[15.2455751998692,-4.615595999627082],[15.206789900284807,-4.566521899766851],[15.174752199837345,-4.559068000309316],[15.172296600210968,-4.472773300360885],[15.129432420128952,-4.443247378081598],[15.181791039077583,-4.390289476378409],[15.198580080122264,-4.32574903031399],[15.25805274975828,-4.329519218803834],[15.278175303176717,-4.301042336490024],[15.311278599587267,-4.296533399773669],[15.34652809967065,-4.328120500028952],[15.353385000421445,-4.315626099703016],[15.422194187792098,-4.336894182023023],[15.477931254641623,-4.335695916490098],[15.510022276389432,-4.316172339222889],[15.551788283104594,-4.224806017913228],[15.504015551104967,-4.14200249111488],[15.519774098754612,-4.092675551718421],[15.55635689545068,-4.048159815900352],[15.698582087887127,-3.998963958670632],[15.813598836605262,-3.987685188970239],[15.95045105530873,-3.930469644241713]]],"type":"Polygon"},"properties":{"admin_level":"ADM1","id":"cod-adm1-cd10","name":"Kinshasa","source_code":"CD10","source_feature_id":"CD10","source_id":"ocha-rgc-cod-adm1-2017","source_name":"Kinshasa"},"type":"Feature"},{"geometry":{"coordinates":[[[14.412763440317027,-4.31460007468092],[14.41883627980974,-4.334745468366632],[14.39939735959388,-4.371807890171078],[14.445927719758936,-4.423104534199744],[14.480509298174074,-4.436333011387589],[14.432957280443132,-4.493250874641458],[14.427547560225149,-4.533386463121002],[14.395065480274619,-4.547549122540156],[14.380386120098278,-4.649578353519201],[14.423298480422254,-4.755751743550203],[14.402120759582868,-4.859575125288654],[14.416210080229455,-4.897479968161361],[14.485469899377536,-4.850049993280338],[14.552510039849057,-4.868359995968285],[14.614800119965203,-4.917719929497845],[14.681360160324711,-4.923809914423539],[14.771769839961932,-4.858149997545989],[14.820019919635532,-4.843250078870471],[14.8685399996459,-4.78746999517888],[14.91306155974899,-4.681092617849152],[15.104795377860283,-4.494966943411479],[15.13227499960669,-4.444081599792089],[15.172296600210968,-4.472773300360885],[15.174752199837345,-4.559068000309316],[15.206789900284807,-4.566521899766851],[15.2455751998692,-4.615595999627082],[15.314352700066538,-4.624632600365866],[15.33430449991913,-4.646823000104397],[15.389823720820669,-4.624997068448024],[15.407709761134106,-4.588289276734221],[15.402900045457315,-4.560195980686891],[15.422326300325993,-4.544459300333476],[15.438432699908164,-4.546220099700542],[15.4767133996278,-4.607880700003834],[15.524927499977618,-4.587741899615712],[15.550567399869921,-4.604296900305513],[15.64716530939475,-4.604216762064182],[15.6674447499843,-4.568850635789843],[15.678328679576195,-4.594527853056781],[15.732621000327338,-4.61895547676504],[15.750998279862298,-4.647492812750595],[15.720184799890754,-4.710590501997725],[15.709694040440855,-4.776126927110934],[15.68375892001021,-4.807190689493178],[15.624510839974988,-4.818521740668234],[15.613781399950723,-4.861671150094415],[15.624385920251584,-4.892356716676528],[15.743621879789421,-4.969634531444734],[15.754350240038745,-5.018192920285108],[15.830794439876168,-5.025401884236109],[15.844582285015054,-5.014097081373879],[15.866103053596818,-4.947681944988151],[15.843086364589857,-4.89979699430701],[15.84456832968711,-4.882790439680659],[15.866436285448078,-4.873069583278984],[15.857518634164139,-4.859094370826477],[15.898365720039193,-4.892906375808403],[15.91670376026427,-4.957226790473912],[15.964729200031371,-4.945038049907656],[16.00633188045149,-4.971560892484947],[16.03892016013321,-4.958469820259988],[16.257087765167476,-4.969951673895894],[16.26925427967764,-4.986843022911258],[16.23074725211709,-5.113984899417701],[16.251964199689965,-5.138293949803668],[16.256473199833827,-5.174626935307477],[16.21797947991592,-5.308200908560528],[16.202896230899647,-5.441220040169064],[16.218597222590727,-5.634842881686796],[16.19932607982216,-5.808177940850999],[16.150408199752857,-5.818833244323873],[16.141273560412063,-5.869705459287523],[15.447895200073173,-5.885783631646361],[15.070948200037687,-5.858119956046974],[14.776346520077617,-5.859736343906957],[14.680342800299137,-5.880983445219054],[14.619129120184002,-5.905414371798749],[14.60974248004978,-5.925496855777996],[14.481012239748818,-5.894888023464063],[14.44564440010147,-5.903450881779504],[14.310852480078537,-5.884926894245024],[14.284049400233888,-5.860900943194535],[14.239055339766061,-5.885336783877225],[14.230754280415018,-5.866258859100291],[14.201580240210047,-5.868823956036806],[14.191887240427974,-5.840777908373324],[14.167780075717882,-5.851844875977944],[14.141104200012391,-5.835546860559578],[14.046013402124535,-5.852666917233956],[14.008308494654253,-5.833845781523332],[13.747122360107555,-5.885525660113545],[13.737735359748934,-5.902825962446981],[13.702585320235485,-5.906757960054619],[13.619179440152514,-5.906802955047815],[13.574589479628735,-5.887044982078844],[13.531043160242477,-5.895124656597941],[13.480094519895832,-5.873448017086091],[13.430368063544353,-5.875675111428801],[13.42614996034737,-5.862030043594378],[13.369378883198468,-5.869257660191773],[13.358318085208623,-5.90422718136641],[13.218370124712376,-5.856808818241308],[13.117616612276453,-5.899602733961355],[13.08922467230727,-5.864023826569136],[13.005095725675735,-5.855740275488239],[12.984788195665578,-5.857142731860684],[13.003761013318158,-5.86447268242479],[12.986232066804885,-5.88930152053767],[12.848918168842616,-5.915086485265724],[12.793688848656277,-5.967896919587794],[12.743982459769926,-5.962159909651856],[12.687510480288145,-6.002663281845455],[12.626383803804925,-6.002041205444036],[12.44231360321398,-6.058429644658474],[12.222421705348046,-5.806704982155848],[12.205664553597657,-5.777571674752167],[12.22136963980981,-5.772405190218038],[12.507879600219407,-5.754295875772306],[12.508477199970603,-5.159747786209481],[12.47321880027771,-5.151501603484442],[12.52151040098205,-5.133498876547602],[12.48731747957289,-5.115983855038801],[12.474944279783845,-5.075710853841301],[12.529117439910841,-5.067935891318573],[12.628980365269042,-5.021999914803538],[12.63956435996399,-4.950913933081649],[12.715759439905112,-4.945901883799582],[12.743314139249703,-4.881035995280414],[12.80023019999388,-4.846095008322832],[12.794038199877022,-4.826533852643364],[12.839479200046476,-4.75522891281083],[13.052393196787744,-4.677527989226836],[13.093003440041524,-4.687658948503429],[13.106273039906478,-4.647281563633999],[13.182923159658156,-4.638734009403028],[13.246722360044282,-4.695951915454939],[13.265090280032314,-4.729084882170455],[13.254768359838346,-4.738287969223206],[13.28461020043902,-4.771419959636471],[13.37273316013003,-4.798557849679128],[13.415811839935577,-4.892710646845885],[13.502093759943971,-4.839257244231746],[13.503416399842456,-4.799461564871791],[13.527524160135588,-4.77660645864471],[13.558230000376527,-4.808192629565426],[13.60004975958334,-4.821945765259954],[13.643107199622316,-4.748326646006106],[13.690052279614667,-4.771691516254981],[13.680671759702506,-4.719531959898288],[13.716904320337287,-4.725048085475305],[13.73171363978575,-4.69623589576675],[13.702869360341788,-4.666933551431275],[13.733361720447036,-4.57818840442495],[13.730381999666447,-4.469271006450757],[13.760984880399423,-4.442748341098184],[13.828316760437572,-4.440050902567195],[13.872071879736877,-4.497747886771236],[13.943620800265007,-4.516104870302951],[14.029374960043983,-4.426923116210929],[14.184894599746166,-4.397742825714789],[14.357944079785334,-4.302658725903098],[14.412763440317027,-4.31460007468092]]],"type":"Polygon"},"properties":{"admin_level":"ADM1","id":"cod-adm1-cd20","name":"Kongo-Central","source_code":"CD20","source_feature_id":"CD20","source_id":"ocha-rgc-cod-adm1-2017","source_name":"Kongo-Central"},"type":"Feature"},{"geometry":{"coordinates":[[[17.612207280402554,-4.233137976709314],[17.636535359705682,-4.277189026976389],[17.626171320203003,-4.329941045837473],[17.638218359678675,-4.341348220310811],[17.721520920029246,-4.320304430197887],[17.79388127977037,-4.275100975624757],[17.82572724021033,-4.316874920858571],[17.748380277529822,-4.384269879095866],[17.708730616284104,-4.388860902983395],[17.674713360428786,-4.455778993147792],[17.662973400151476,-4.448479018557475],[17.67225803389026,-4.467526971601242],[17.646869274205297,-4.479861016984568],[17.676950388268423,-4.485680044215389],[17.696056320076433,-4.537120021044594],[17.63460720050849,-4.582094100915761],[17.637624581360733,-4.628328179035964],[17.57836128476291,-4.696525883977071],[17.540739360065306,-4.77910001515898],[17.54715740685035,-4.819101924373844],[17.499820359560182,-4.889757024455407],[17.50235740943335,-4.93346006817046],[17.51914619984805,-4.939814977365625],[17.50509827985799,-5.013512992436976],[17.529676200404555,-5.058248920001964],[17.51352126215262,-5.083641832960272],[17.54497528493917,-5.125808843650934],[17.48218320019115,-5.22805601115487],[17.468164463769703,-5.391924043097618],[17.47021823978298,-5.431251018838657],[17.487079199949285,-5.448875853988151],[17.47647647987224,-5.483435958238262],[17.53423900334571,-5.545701799787481],[17.516052359788723,-5.661726017624239],[17.540201236870768,-5.707830007206878],[17.613390072374237,-5.69203098808323],[17.641573199853916,-5.719709864134603],[17.678603520156553,-5.693348158911665],[17.78903243976803,-5.716371007545448],[17.849611440371977,-5.628626943993138],[17.91297468026587,-5.638789555544498],[17.91403415960018,-5.666329914071281],[17.95734504043193,-5.703423000359339],[18.028238400110116,-5.690850940109324],[18.031854410182852,-5.718199947111263],[18.092867759701445,-5.723550448220716],[18.090104039729237,-5.741899066483951],[18.11927700015923,-5.761501012288319],[18.0997095597723,-5.814154574997261],[18.129357000453933,-5.801784732501922],[18.140031360276566,-5.829339890646275],[18.097039080435017,-5.865068454313846],[18.163145880309525,-5.883565863377283],[18.181410479666834,-5.863355988578137],[18.185682275168332,-5.812961978013719],[18.21643848035397,-5.772755916422279],[18.24166727973121,-5.808244101312203],[18.249691320208196,-5.870068852805173],[18.27477224790649,-5.840476060542627],[18.274597919944163,-5.865155583299906],[18.309220560350926,-5.863454053970169],[18.32205563972309,-5.837133732366574],[18.396829440255978,-5.78014585882257],[18.412677545447888,-5.814085022639216],[18.4466480403994,-5.816087365957935],[18.49020984045297,-5.865916797294883],[18.518971320380565,-5.866274993797315],[18.535046760424766,-5.886736637068827],[18.554642999901375,-5.857174610468707],[18.571264183548692,-5.85653284138697],[18.541097280375958,-5.913994992147894],[18.548380439813904,-5.970981891794706],[18.535680360160974,-5.993906066111502],[18.644283000308242,-5.973121154815252],[18.700239960366268,-5.978570814564701],[18.6933081643753,-6.026598880547609],[18.74762927972454,-6.137963871298819],[18.82786284022999,-6.098151849967941],[18.841655520101753,-6.104694600861231],[18.8293021200799,-6.123022687545255],[18.837850320338603,-6.142284052016812],[18.86889347976536,-6.120147721737623],[18.869972759765165,-6.196529487643648],[18.832784040426795,-6.184015420851169],[18.834704999626986,-6.2008939769139],[18.86733072019146,-6.246259198626108],[18.92343348041336,-6.2278438841246],[18.931753440317966,-6.296992995771435],[18.948903480139325,-6.310676715281358],[19.00576656004469,-6.278234653226715],[19.05536555983036,-6.270052429237501],[19.106421839907647,-6.176612549875347],[19.14460344018008,-6.196233862469371],[19.178644680155177,-6.182393380886518],[19.217169359611024,-6.093189942999456],[19.30744940336961,-6.134722890893106],[19.337185440396112,-6.120203987632317],[19.395710129590917,-6.132314886324298],[19.305553320316278,-6.217251884736998],[19.29471840011133,-6.259254918434189],[19.330486226317017,-6.3836368883943],[19.39075416010105,-6.382602905742911],[19.4453582402732,-6.281625019841984],[19.558360799936022,-6.341566468862585],[19.634536440334386,-6.358003007261998],[19.683622440109115,-6.336698955656338],[19.6957512002245,-6.346197863409938],[19.720348179428154,-6.42566087435061],[19.704822479591716,-6.44717399286729],[19.7095683600861,-6.580754884680918],[19.93061628012821,-6.858101997030883],[19.968757147192395,-6.991827982270036],[19.544000039851614,-6.999000111663855],[19.563000119576447,-7.057999946542076],[19.508000039569175,-7.136999947676818],[19.487000160003234,-7.312999980995227],[19.502999999629775,-7.354999932521086],[19.493999999783714,-7.36799994591639],[19.550000159823792,-7.472000017952591],[19.522000080252898,-7.47400001543533],[19.48600007997046,-7.503000093251392],[19.493999999783714,-7.532999948122552],[19.473999840026142,-7.56700004926241],[19.380999959895288,-7.568999960908569],[19.369000080175407,-7.582999967446086],[19.409000040364475,-7.700999982820108],[19.387000079867462,-7.783000103472354],[19.36199988017046,-7.811999993275702],[19.364000040236007,-7.861000012695481],[19.343000159771737,-7.901999948226485],[19.356999840231058,-7.927999961555448],[19.436508359690926,-7.958249612623976],[19.43568395958501,-7.998535179727083],[18.799999919928293,-7.999999955761689],[18.777999960329577,-7.96400004464106],[18.780000120395126,-7.922000023489413],[18.558158040234492,-7.933583045855988],[18.52700004018183,-7.999999955761689],[18.390999959763615,-7.999999955761689],[18.398000159768532,-8.012999965690113],[18.375999839945415,-8.027000096671197],[18.30399984027883,-8.014000004347908],[18.308000160409893,-7.994000015784573],[18.294000119726135,-7.987999985516382],[18.21700008012015,-7.989000086313997],[18.153000000266854,-8.008999966149853],[18.13499999967647,-8.035000053442335],[18.09799992025955,-8.039999945760394],[18.087000119674112,-8.06799997141839],[18.1000000803251,-8.09900001339882],[18.000000000189328,-8.098000009307446],[17.98199999959894,-8.112999982686087],[17.93999988024266,-8.081999960881811],[17.88500015956146,-8.078999991942073],[17.796823200342093,-8.110906914475791],[17.721124199745255,-8.096854953127847],[17.611318439649757,-8.12849302020549],[17.56033343999196,-8.127450988104828],[17.505476280149765,-8.082833003945108],[17.517198239985365,-8.046540930764701],[17.532592200088768,-8.043938967836766],[17.483764320431163,-7.999999955761689],[17.487863280071977,-7.950983998145889],[17.46833039967068,-7.959578001535914],[17.471704320062535,-7.944869993996726],[17.442356387578126,-7.927345911104354],[17.45501147960165,-7.883434992096144],[17.424762596176073,-7.869587054694487],[17.4315243599484,-7.842463901651225],[17.402960159938676,-7.841690882623783],[17.410917239994347,-7.822595979360815],[17.38672432480216,-7.820881945960505],[17.388412199932198,-7.792405923150352],[17.321443199742983,-7.758532973526413],[17.331123240428763,-7.716926953858703],[17.290909439879567,-7.689574013533795],[17.30628648021457,-7.636914881081984],[17.220554279752708,-7.578090996028679],[17.197984439717533,-7.532958856132938],[17.199882359825665,-7.499419880780343],[17.156246400252144,-7.475054955050068],[17.185260240299236,-7.432195948782208],[17.14506947974043,-7.40551597537195],[17.132969160286915,-7.424867947312149],[17.110167258464426,-7.42267631597417],[17.111658239952177,-7.35376489730881],[17.075933280453523,-7.344514888530099],[17.03083031991876,-7.300622012288043],[17.005510440354843,-7.300050000454322],[16.988596200210722,-7.230751952447404],[16.95371040013809,-7.203342990797648],[16.970346360173526,-7.170184851596444],[16.92889019587457,-7.068591952547242],[16.968034439788642,-7.074388940287879],[16.982738279954784,-7.023311904093516],[16.97289120023686,-6.98613287285496],[16.938741239857855,-6.966066963300719],[16.937813159795105,-6.870015004020362],[16.87628123981247,-6.846850914257701],[16.87171140036768,-6.805274870637136],[16.82986428027394,-6.760413881577067],[16.825729319749783,-6.713084993707222],[16.789013280439203,-6.681758026249509],[16.772743439577628,-6.596322968605202],[16.749408240310274,-6.572975939050481],[16.76320236018145,-6.531040913545865],[16.727230440336445,-6.500890863272816],[16.735870440332366,-6.479933990262233],[16.711113240309643,-6.446246899741068],[16.73239932043014,-6.425465027946581],[16.690695479827586,-6.405641881925281],[16.7032072797835,-6.37685101253729],[16.690006435173757,-6.355525909979163],[16.7157802801631,-6.361393920021621],[16.724897280184987,-6.344111887664093],[16.71037524016773,-6.235652884390494],[16.730869319719694,-6.193946969094021],[16.697780279572715,-6.146031883791116],[16.64552340021992,-6.127395851917823],[16.64792639989312,-6.099792966216019],[16.606725480204073,-6.085706943465195],[16.632845279884073,-6.067892975644082],[16.599022200267314,-6.058834870526633],[16.606044359589344,-5.984757986384192],[16.589224439855098,-5.974478914706605],[16.59919319997153,-5.942931943147003],[16.587399959716443,-5.875370028117926],[16.489395360321872,-5.845175952301948],[16.435501199854134,-5.867927930550112],[16.423650359623025,-5.890972970480326],[16.448370119661355,-5.896219984270279],[16.404469919748724,-5.888359931965245],[16.36593983962136,-5.864689998640261],[16.139431440056143,-5.858643274302506],[16.150408199752857,-5.818833244323873],[16.19932607982216,-5.808177940850999],[16.210884239052252,-5.774023711684428],[16.20114731973762,-5.751978958796142],[16.218597222590727,-5.634842881686796],[16.202896230899647,-5.441220040169064],[16.21797947991592,-5.308200908560528],[16.256473199833827,-5.174626935307477],[16.231775400010907,-5.106305873478895],[16.26925427967764,-4.986843022911258],[16.25702985796761,-4.969578902960486],[16.267245404157222,-4.883033900751442],[16.240155207476374,-4.853288731416679],[16.241136929537998,-4.82908128034373],[16.262482024481077,-4.747762665935459],[16.290872640333507,-4.72840936004606],[16.394905440137684,-4.521506894761657],[16.406137439952733,-4.465158869828924],[16.41963420039687,-4.456592952367572],[16.46424539978893,-4.483568969667322],[16.514889479813238,-4.485978049292491],[16.607344679946277,-4.555877346079047],[16.61659308013803,-4.372934983833773],[16.702741440426603,-4.322431892968034],[16.713197392854234,-4.35207083842831],[16.73133552019932,-4.328406656919173],[16.741879919851502,-4.333661267975913],[16.746896160008724,-4.38191069842471],[16.78198824022005,-4.353463806114052],[16.839802440178545,-4.354280932942816],[16.856258400288883,-4.294379914392703],[16.911114480356126,-4.347859442018647],[16.93572300021622,-4.401080854939792],[16.970075280061813,-4.400998015160885],[16.973446679780984,-4.429120530942395],[16.9392650403135,-4.466186637050965],[16.95093299972245,-4.501017002464155],[16.98407568007168,-4.503410033051126],[17.024349240146847,-4.479083008822568],[17.075309399590374,-4.532458864323467],[17.153601840005752,-4.566498042617909],[17.181330840363223,-4.542229040705229],[17.213346000283586,-4.433683347058908],[17.256091319778754,-4.389146287147132],[17.3406322796137,-4.368504410791788],[17.517855960385273,-4.237751060013381],[17.612207280402554,-4.233137976709314]]],"type":"Polygon"},"properties":{"admin_level":"ADM1","id":"cod-adm1-cd31","name":"Kwango","source_code":"CD31","source_feature_id":"CD31","source_id":"ocha-rgc-cod-adm1-2017","source_name":"Kwango"},"type":"Feature"},{"geometry":{"coordinates":[[[17.397470159978685,-3.198059930297984],[17.442339839712265,-3.236950050194079],[17.52722719261571,-3.262278684601597],[17.573259959775203,-3.302759882179325],[17.62751988009067,-3.298790065411743],[17.67970008014912,-3.331639935050064],[17.719269839843612,-3.322909921597764],[17.758450080149412,-3.362959919825399],[17.819300159966776,-3.387009990103502],[17.844720119938156,-3.424599953093879],[18.043490159598978,-3.377430011928603],[18.109159920104567,-3.402120025194856],[18.156638981159706,-3.44716981589374],[18.201959458859044,-3.405708457085368],[18.243387561585138,-3.400159203684831],[18.273080159677765,-3.457269924945037],[18.341849858006846,-3.498959909146014],[18.36312984036321,-3.530579976569121],[18.412910863079983,-3.539697900023155],[18.44128063711952,-3.568279592186976],[18.534429424686806,-3.586319518556546],[18.60397991979622,-3.570910002846678],[18.711799919820177,-3.623580018105574],[18.76588098466424,-3.623900361940194],[18.93148992042766,-3.679139938816518],[19.06543008035608,-3.753899923706009],[19.13134427963703,-3.765626987092895],[19.32050987992803,-3.857339911472408],[19.45173996008649,-3.946789905357494],[19.568525399970905,-4.003683010218539],[19.604980079839464,-4.041870026202636],[19.780200000097825,-4.066190073517554],[19.820859840236754,-4.091299999671143],[19.856158969544644,-4.092199438075601],[19.890950039575593,-4.143490106747257],[19.944849960040926,-4.180400088436059],[19.973520000455768,-4.17803999311039],[20.009959920105885,-4.222199901729614],[20.038049863544515,-4.285869699358011],[20.04365988022309,-4.352859989836647],[20.093209920029153,-4.434369933036494],[20.092330080395502,-4.470949921327649],[20.124749880147398,-4.500119906038709],[20.062090080409757,-4.595020085699534],[20.070870119673632,-4.668470091219665],[20.054490120205394,-4.68654995513975],[20.049630120432273,-4.737140082728414],[20.055810412806025,-4.782270191567736],[20.10260945817423,-4.87111351370023],[20.11522318008396,-4.9590653944263],[20.14323983986004,-4.999490062457482],[20.1398376279266,-5.035366664024453],[20.182219920249178,-5.093119892211254],[20.2003191640172,-5.188681779966925],[20.186290079901983,-5.238990019995657],[20.203800000995862,-5.270600203515587],[20.172930120299224,-5.290440051226229],[20.183969879745153,-5.33099000622686],[20.167229880426774,-5.327910022126958],[20.144601829561182,-5.353086851031448],[20.157289247460223,-5.384438692385585],[20.14014995957449,-5.413089915038376],[20.168629920068437,-5.41323004223113],[20.14603992004167,-5.428080046534437],[20.146780079733507,-5.463050048049139],[20.155280039563145,-5.482469897638858],[20.178587954300358,-5.483699321751283],[20.151719999922495,-5.484470008326023],[20.144810159655382,-5.532730006900881],[20.155839840003807,-5.531409924666415],[20.165360039857816,-5.599780093158106],[20.19072946061133,-5.623149484164086],[20.18188008039067,-5.69048994057535],[20.168099983221083,-5.690640105416763],[20.171059835064206,-5.738729553378576],[20.1541519972131,-5.765998136233589],[20.114939648424112,-5.797280988061249],[20.11245012032776,-5.833610013576165],[20.05143984035252,-5.859019942162984],[20.000000160210305,-5.966569982873054],[19.900351256671915,-6.010138765428149],[19.88573003995234,-5.995790008115913],[19.868799959814833,-6.024209997662521],[19.83542003978895,-6.034589916531546],[19.706109839954024,-6.144860017603192],[19.680137280437314,-6.224482903810751],[19.695913199707896,-6.239778951291889],[19.687759185585737,-6.336953006669368],[19.61027423988097,-6.354279640674419],[19.552398480172673,-6.339926296913049],[19.4453582402732,-6.281625019841984],[19.39075416010105,-6.382602905742911],[19.330486226317017,-6.3836368883943],[19.29471840011133,-6.259254918434189],[19.305553320316278,-6.217251884736998],[19.395710129590917,-6.132314886324298],[19.337185440396112,-6.120203987632317],[19.30744940336961,-6.134722890893106],[19.217169359611024,-6.093189942999456],[19.178644680155177,-6.182393380886518],[19.14460344018008,-6.196233862469371],[19.106421839907647,-6.176612549875347],[19.05536555983036,-6.270052429237501],[19.00576656004469,-6.278234653226715],[18.948903480139325,-6.310676715281358],[18.931753440317966,-6.296992995771435],[18.92343348041336,-6.2278438841246],[18.86733072019146,-6.246259198626108],[18.834704999626986,-6.2008939769139],[18.832784040426795,-6.184015420851169],[18.869972759765165,-6.196529487643648],[18.86889347976536,-6.120147721737623],[18.837850320338603,-6.142284052016812],[18.8293021200799,-6.123022687545255],[18.841655520101753,-6.104694600861231],[18.82786284022999,-6.098151849967941],[18.74762927972454,-6.137963871298819],[18.6933081643753,-6.026598880547609],[18.700239960366268,-5.978570814564701],[18.644283000308242,-5.973121154815252],[18.535680360160974,-5.993906066111502],[18.548380439813904,-5.970981891794706],[18.541097280375958,-5.913994992147894],[18.571264183548692,-5.85653284138697],[18.554642999901375,-5.857174610468707],[18.535046760424766,-5.886736637068827],[18.518971320380565,-5.866274993797315],[18.49020984045297,-5.865916797294883],[18.4466480403994,-5.816087365957935],[18.412677545447888,-5.814085022639216],[18.396829440255978,-5.78014585882257],[18.32205563972309,-5.837133732366574],[18.309220560350926,-5.863454053970169],[18.274597919944163,-5.865155583299906],[18.27477224790649,-5.840476060542627],[18.249691320208196,-5.870068852805173],[18.24166727973121,-5.808244101312203],[18.21643848035397,-5.772755916422279],[18.185682275168332,-5.812961978013719],[18.181410479666834,-5.863355988578137],[18.163145880309525,-5.883565863377283],[18.097039080435017,-5.865068454313846],[18.140031360276566,-5.829339890646275],[18.129357000453933,-5.801784732501922],[18.0997095597723,-5.814154574997261],[18.11927700015923,-5.761501012288319],[18.090104039729237,-5.741899066483951],[18.092867759701445,-5.723550448220716],[18.031854410182852,-5.718199947111263],[18.028238400110116,-5.690850940109324],[17.95734504043193,-5.703423000359339],[17.91403415960018,-5.666329914071281],[17.91297468026587,-5.638789555544498],[17.849611440371977,-5.628626943993138],[17.78903243976803,-5.716371007545448],[17.678603520156553,-5.693348158911665],[17.641573199853916,-5.719709864134603],[17.613390072374237,-5.69203098808323],[17.540201236870768,-5.707830007206878],[17.516052359788723,-5.661726017624239],[17.53423900334571,-5.545701799787481],[17.47647647987224,-5.483435958238262],[17.487079199949285,-5.448875853988151],[17.47021823978298,-5.431251018838657],[17.468164463769703,-5.391924043097618],[17.48218320019115,-5.22805601115487],[17.54497528493917,-5.125808843650934],[17.51352126215262,-5.083641832960272],[17.529676200404555,-5.058248920001964],[17.50509827985799,-5.013512992436976],[17.51914619984805,-4.939814977365625],[17.50235740943335,-4.93346006817046],[17.499820359560182,-4.889757024455407],[17.54715740685035,-4.819101924373844],[17.540739360065306,-4.77910001515898],[17.57836128476291,-4.696525883977071],[17.637624581360733,-4.628328179035964],[17.63460720050849,-4.582094100915761],[17.696056320076433,-4.537120021044594],[17.676950388268423,-4.485680044215389],[17.646869274205297,-4.479861016984568],[17.67225803389026,-4.467526971601242],[17.662973400151476,-4.448479018557475],[17.674713360428786,-4.455778993147792],[17.708730616284104,-4.388860902983395],[17.748380277529822,-4.384269879095866],[17.822117019779615,-4.326790028164883],[17.820042480106864,-4.298926847458276],[17.79388127977037,-4.275100975624757],[17.721520920029246,-4.320304430197887],[17.638218359678675,-4.341348220310811],[17.626171320203003,-4.329941045837473],[17.638441188581524,-4.289374946512965],[17.623960199776125,-4.243199875371921],[17.517855960385273,-4.237751060013381],[17.3406322796137,-4.368504410791788],[17.24344308010422,-4.399526667540658],[17.20185552012702,-4.456792578906017],[17.17790112021916,-4.548831886008955],[17.153601840005752,-4.566498042617909],[17.075309399590374,-4.532458864323467],[17.024349240146847,-4.479083008822568],[16.98407568007168,-4.503410033051126],[16.95093299972245,-4.501017002464155],[16.9392650403135,-4.466186637050965],[16.973446679780984,-4.429120530942395],[16.970075280061813,-4.400998015160885],[16.93572300021622,-4.401080854939792],[16.911114480356126,-4.347859442018647],[16.856258400288883,-4.294379914392703],[16.839802440178545,-4.354280932942816],[16.78198824022005,-4.353463806114052],[16.746896160008724,-4.38191069842471],[16.741879919851502,-4.333661267975913],[16.73133552019932,-4.328406656919173],[16.713197392854234,-4.35207083842831],[16.702741440426603,-4.322431892968034],[16.61659308013803,-4.372934983833773],[16.607344679946277,-4.555877346079047],[16.494233545406644,-4.483520310397623],[16.497834523071422,-4.421467954560415],[16.53245240600046,-4.36128273542629],[16.493189750657216,-4.239556594048867],[16.47791497902574,-4.23330362124333],[16.496241377983036,-4.18474650836628],[16.608570120334356,-4.134820038807434],[16.693011351003104,-4.150348981056161],[16.710540290329835,-4.12288995836154],[16.772962788407057,-4.087179370124294],[16.82184995956835,-4.097089963754393],[16.878279959878604,-4.057029985206605],[16.93685086020826,-3.985659774877574],[17.014770000317405,-3.981849951907933],[17.10829008045621,-4.025359966681784],[17.16999983991566,-3.944070053984873],[17.191969919751386,-3.936610059976014],[17.217399959718566,-3.89091005232502],[17.2409198400319,-3.785629957888264],[17.30576015998453,-3.695789913375207],[17.30355012023099,-3.667730062639403],[17.33211000024251,-3.653319931511653],[17.28678996002269,-3.574389941645675],[17.27436995980396,-3.478719881500359],[17.35587971461277,-3.378841010926863],[17.339100120251626,-3.329289928187834],[17.38088999969545,-3.264879983156008],[17.353730303056032,-3.198510864070721],[17.397470159978685,-3.198059930297984]]],"type":"Polygon"},"properties":{"admin_level":"ADM1","id":"cod-adm1-cd32","name":"Kwilu","source_code":"CD32","source_feature_id":"CD32","source_id":"ocha-rgc-cod-adm1-2017","source_name":"Kwilu"},"type":"Feature"},{"geometry":{"coordinates":[[[19.154727720231747,-0.822036874426257],[19.190294279796344,-0.892678041625038],[19.206825119875536,-1.040622429622167],[19.281029400196402,-1.056158123736703],[19.300998600416037,-1.077233142734589],[19.391849351959475,-1.344112126879164],[19.494680039725168,-1.572062874255963],[19.488985199625905,-1.643376956630701],[19.52035740026313,-1.710027916162275],[19.50259946779403,-1.774295103444999],[19.543365360340463,-1.800080966738909],[19.601283239357464,-1.80201859269254],[19.634340599517635,-1.777542132192521],[19.652553358896544,-1.696609021116654],[19.727367479412653,-1.604185898778748],[19.732236119182186,-1.578423056663416],[19.83958883895154,-1.663453033600589],[19.913656319329384,-1.891810885914516],[20.15354880005939,-1.919135614398368],[20.18492136002272,-1.958452997667694],[20.235532320060813,-1.987481872346526],[20.247442200267358,-2.028941941989307],[20.315692983179304,-2.052773812229976],[20.397663359929794,-2.119545899306012],[20.507428800042103,-2.071550065713639],[20.543277959713627,-2.031318975982461],[20.6254980088243,-2.013234146925091],[20.657524108428216,-1.96050208872294],[20.767513319776096,-2.111910879555392],[20.843540280011798,-2.19323497723664],[20.88873308285477,-2.214610774256573],[20.960905320104036,-2.346971986232465],[21.022250759715146,-2.403707950209837],[21.016336328241298,-2.49444189528112],[20.962133248825477,-2.489821043708165],[20.949886440200245,-2.558095337887873],[20.8644839996011,-2.702342421747704],[20.8654282798817,-2.748579566876863],[20.8169604000742,-2.789711591802941],[20.775824999908686,-2.872851648011822],[20.671974359579533,-3.150758019088025],[20.62747511991629,-3.316378014614981],[20.64345947977385,-3.971134932047415],[20.66212908008542,-4.103414148521001],[20.630678523897537,-4.20738044052012],[20.484870119777707,-4.265630085976677],[20.469237745001283,-4.294570097859375],[20.415730920117756,-4.284330923245189],[20.382839998915134,-4.299760028969502],[20.352539879179005,-4.39876996838548],[20.308120793493615,-4.383560280200532],[20.260130040374534,-4.397330063012165],[20.234060543655502,-4.382000118184084],[20.231250120271696,-4.348849994121944],[20.169839879789237,-4.340459913868566],[20.13044004002402,-4.294450005627827],[20.038049863544515,-4.285869699358011],[19.980140039720652,-4.183830032630289],[19.944849960040926,-4.180400088436059],[19.890950039575593,-4.143490106747257],[19.856158969544644,-4.092199438075601],[19.820859840236754,-4.091299999671143],[19.780200000097825,-4.066190073517554],[19.604980079839464,-4.041870026202636],[19.568525399970905,-4.003683010218539],[19.45173996008649,-3.946789905357494],[19.32050987992803,-3.857339911472408],[19.13134427963703,-3.765626987092895],[19.06543008035608,-3.753899923706009],[18.93148992042766,-3.679139938816518],[18.76588098466424,-3.623900361940194],[18.711799919820177,-3.623580018105574],[18.60397991979622,-3.570910002846678],[18.534429424686806,-3.586319518556546],[18.44128063711952,-3.568279592186976],[18.412910863079983,-3.539697900023155],[18.36312984036321,-3.530579976569121],[18.341849858006846,-3.498959909146014],[18.273080159677765,-3.457269924945037],[18.241549639954883,-3.399480064449345],[18.17890877041524,-3.418500693133079],[18.156638981159706,-3.44716981589374],[18.109159920104567,-3.402120025194856],[18.043490159598978,-3.377430011928603],[17.844720119938156,-3.424599953093879],[17.819300159966776,-3.387009990103502],[17.758450080149412,-3.362959919825399],[17.719269839843612,-3.322909921597764],[17.67970008014912,-3.331639935050064],[17.62751988009067,-3.298790065411743],[17.573259959775203,-3.302759882179325],[17.52722719261571,-3.262278684601597],[17.442339839712265,-3.236950050194079],[17.42572007989468,-3.212409903081417],[17.37568069810893,-3.19173017610178],[17.353730303056032,-3.198510864070721],[17.38088999969545,-3.264879983156008],[17.338650119989826,-3.33251005326163],[17.35587971461277,-3.378841010926863],[17.330280120330634,-3.396060028009654],[17.32016988004857,-3.432930007461541],[17.273270159588158,-3.489540108392451],[17.28678996002269,-3.574389941645675],[17.33211000024251,-3.653319931511653],[17.30355012023099,-3.667730062639403],[17.30576015998453,-3.695789913375207],[17.2409198400319,-3.785629957888264],[17.20697003956959,-3.912590000457782],[17.10829008045621,-4.025359966681784],[17.014770000317405,-3.981849951907933],[16.932499920435284,-3.986830025333134],[16.878279959878604,-4.057029985206605],[16.827339960426674,-4.094539961391578],[16.772962788407057,-4.087179370124294],[16.710540290329835,-4.12288995836154],[16.693011351003104,-4.150348981056161],[16.63400988007293,-4.133340085275936],[16.585679879983463,-4.142970070680701],[16.496241377983036,-4.18474650836628],[16.483388763496528,-4.222882381024536],[16.455904200117754,-4.195733882107901],[16.469337240363846,-4.173588865469853],[16.38159911983885,-4.111742293054111],[16.0758136795945,-3.947909164517077],[16.047544680360183,-3.943348510950872],[16.010469359851708,-3.971403007064045],[15.945868988894615,-3.927629598712828],[15.918588437408456,-3.953135382052083],[15.902144819251777,-3.94863622315966],[16.058149920211584,-3.608870044057364],[16.1871001201964,-3.395440046469496],[16.222389839651665,-3.296269943340563],[16.184070000335126,-3.250490095823807],[16.192659959678135,-3.198899934413546],[16.172301959620384,-3.072578850671298],[16.19499995960216,-3.015999913203439],[16.17900011997565,-2.928000042129348],[16.205000040379293,-2.784999983878842],[16.193683079701298,-2.718583433798045],[16.237000079856774,-2.624999957331029],[16.18800011982168,-2.418000108237769],[16.190999999695535,-2.224999978598062],[16.242000119796177,-2.123000025302814],[16.369530120147736,-2.029229952482027],[16.503999839631064,-1.874000004521388],[16.56026972153014,-1.862831924065912],[16.58350943976424,-1.946677856140687],[16.623749160302648,-1.996646019444357],[16.9450149597161,-2.001266349512168],[16.942682520013516,-1.866093805641823],[16.846914239687838,-1.84596985357097],[16.827883559751182,-1.821587307885649],[16.79406768013139,-1.836343910740796],[16.79006916022415,-1.802325197439392],[16.814461319949757,-1.765673530010005],[16.858150200174954,-1.781679001322082],[16.94060784020358,-1.759349090102214],[17.063529120228214,-1.804318664847747],[17.094288959997506,-1.77807914697687],[17.113553280061478,-1.786421869899897],[17.506426320427924,-1.479804370270709],[17.73208151989925,-1.411480261652759],[17.91038664022055,-1.376255990639534],[18.127458720121403,-1.204380290382981],[18.13699368019385,-1.102775359937764],[18.32851620017727,-1.123049965644557],[18.39292020031156,-1.172997410501785],[18.438444360221816,-1.18806298954445],[18.52232327965868,-1.260847859267509],[18.57213216003074,-1.260752899357923],[18.697294440245205,-1.221304019948621],[18.761142229606705,-1.236272913624794],[18.72000000044842,-1.182999874061594],[18.74499983992099,-1.118000068050842],[18.798000120087178,-1.143999990268592],[18.830000159564662,-1.183999956475349],[18.870999840460396,-1.166000043104138],[18.851000040028932,-1.078000081492504],[18.81799991962035,-1.037999922307666],[18.74300004007991,-1.01199998435617],[18.749000160052052,-0.934999988531307],[18.79300008014778,-0.821999930264718],[19.000000440424234,-0.819513860939775],[19.060558200363317,-0.78364996052337],[19.081644479893292,-0.736009001121285],[19.154727720231747,-0.822036874426257]]],"type":"Polygon"},"properties":{"admin_level":"ADM1","id":"cod-adm1-cd33","name":"Maï-Ndombe","source_code":"CD33","source_feature_id":"CD33","source_id":"ocha-rgc-cod-adm1-2017","source_name":"Maï-Ndombe"},"type":"Feature"},{"geometry":{"coordinates":[[[19.1254673761825,2.12635596043362],[19.600317086896332,2.005178118798215],[19.905069960434005,2.006949926436954],[19.908050039642372,1.984200007705246],[19.88168004029113,1.946660023366344],[19.857790080131863,1.957920001165253],[19.8310100402776,1.938320051349742],[19.813551891788503,1.900193199821563],[19.824590626256708,1.850149867797071],[19.799875930919946,1.830799208660078],[19.476740159783496,1.779109942113595],[19.318409999679453,1.708620022987023],[19.230450120145115,1.642789998717729],[19.208530956819704,1.577457586540769],[19.21289652026716,1.349838566722429],[19.446725520153084,1.458082601760052],[19.705911120036777,1.628721342058256],[19.87948295963385,1.660839314317765],[19.959728040134515,1.708489412224835],[20.11127759969306,1.75613957332926],[20.237596200324408,1.752503819428151],[20.32772112030478,1.730353525403261],[20.40470856014058,1.666175383605594],[20.451033359717485,1.681568454398368],[20.56708512035649,1.666423099063377],[20.61726587989997,1.699167745201211],[20.68921044003882,1.708419332564539],[20.697587639695012,1.695507920331298],[20.691869759605325,1.617059539963583],[20.659815719701154,1.56699121719685],[20.66045963479173,1.487269878808809],[20.637359999843046,1.416934439652681],[20.71321487970126,1.250897582916524],[20.69089025728076,1.182391514895027],[20.555866325776147,1.235635906610373],[20.488073399791485,1.108767007999278],[20.437813440280976,1.061849107035225],[20.440159919753132,0.957960061194881],[20.400005159179376,0.858499094853432],[20.409877439335943,0.732404080996993],[20.430052559469864,0.673448105366896],[20.358471598730493,0.574264662534761],[20.3587873188236,0.512215103737225],[20.30003315948107,0.427551113610606],[20.295061258369618,0.375118010047434],[20.35350810764673,0.347881235484512],[20.49522047883692,0.176019985023546],[20.574717479199904,0.138119813096638],[20.564012519165445,0.099227213203309],[20.46372983892275,0.030240372978132],[20.472240238972656,0.006337566237146],[20.562032210071052,-0.00156896528003],[20.576448359377558,-0.018710266408819],[20.548967400039707,-0.063483973032605],[20.44763748000848,-0.072367878372454],[20.346941159713435,-0.137261901781372],[20.338859880383193,-0.249039997092775],[20.32178077872319,-0.241139892899492],[20.294759879880004,-0.260279994352489],[20.26860012044122,-0.244519952099824],[20.24426087328251,-0.274469593799122],[20.226729433944325,-0.267717574624442],[20.219770080335362,-0.232229906621891],[20.192159880377567,-0.201619914824549],[20.209119840278092,-0.140869995129155],[20.19395015985676,-0.119889916509068],[20.078700120455977,-0.127269938397324],[20.070629999998214,-0.142839946293802],[20.09406973980842,-0.153769749689366],[20.074579920150256,-0.172250048971095],[20.050059959804152,-0.149610051939349],[20.014490160016326,-0.145959965729315],[19.995749999734105,-0.110030057454148],[19.92274219991319,-0.109829839469093],[19.904124250933823,-0.093192471023299],[19.866240000206954,-0.095950024502902],[19.824530040280667,-0.131060068765447],[19.837339920112488,-0.137499990822539],[19.82296045890051,-0.166639342992869],[19.85847012007332,-0.18040000942058],[19.86383987963422,-0.199490103562633],[19.886031513663383,-0.185512042713987],[19.898030159996413,-0.205660013094943],[19.91180987987358,-0.190130068160616],[19.924229880092277,-0.255639919377425],[19.943520120145468,-0.27389994440609],[19.97477021458277,-0.276150127762895],[20.01085565273355,-0.311261177932307],[20.052420119719773,-0.307140059597432],[20.07151093198327,-0.363740843091494],[20.108788955538955,-0.392439057256169],[20.097362024900516,-0.481481361690489],[20.15546004038651,-0.528530100854976],[20.175959879936062,-0.597469995955362],[20.226380573203727,-0.602800700830533],[20.28381932318754,-0.665600312105404],[20.254358159858196,-0.758022862792396],[20.137397400271354,-0.945090992817438],[20.134939321294823,-0.978625943384106],[20.156614200355136,-1.026547937738735],[20.00504843968044,-1.095771873512261],[19.909280447714,-1.107389869095105],[19.84801644038338,-1.157584870541295],[19.7113433484425,-1.170541893191436],[19.681961400351533,-1.155880930083599],[19.671152400135803,-1.049865971219634],[19.688616047212765,-0.99206261035184],[19.601684489845415,-0.977960875176301],[19.610374320288464,-1.171060846235626],[19.514377440282548,-1.257101891743819],[19.43336735987581,-1.424721184275884],[19.391849351959475,-1.344112126879164],[19.300998600416037,-1.077233142734589],[19.271797560446906,-1.052906179558915],[19.211637959892865,-1.048418758399526],[19.18287755974025,-0.874438220198605],[19.139917320109973,-0.797154670209594],[19.081644479893292,-0.736009001121285],[19.060558200363317,-0.78364996052337],[19.000000440424234,-0.819513860939775],[18.79300008014778,-0.821999930264718],[18.749000160052052,-0.934999988531307],[18.74300004007991,-1.01199998435617],[18.81799991962035,-1.037999922307666],[18.851000040028932,-1.078000081492504],[18.870999840460396,-1.166000043104138],[18.830000159564662,-1.183999956475349],[18.798000120087178,-1.143999990268592],[18.74499983992099,-1.118000068050842],[18.72000000044842,-1.182999874061594],[18.761142229606705,-1.236272913624794],[18.697294440245205,-1.221304019948621],[18.57213216003074,-1.260752899357923],[18.52232327965868,-1.260847859267509],[18.438444360221816,-1.18806298954445],[18.39292020031156,-1.172997410501785],[18.32851620017727,-1.123049965644557],[18.13699368019385,-1.102775359937764],[18.127458720121403,-1.204380290382981],[17.91038664022055,-1.376255990639534],[17.73208151989925,-1.411480261652759],[17.506426320427924,-1.479804370270709],[17.113553280061478,-1.786421869899897],[17.094288959997506,-1.77807914697687],[17.063529120228214,-1.804318664847747],[16.94060784020358,-1.759349090102214],[16.858150200174954,-1.781679001322082],[16.814461319949757,-1.765673530010005],[16.79006916022415,-1.802325197439392],[16.79406768013139,-1.836343910740796],[16.827883559751182,-1.821587307885649],[16.846914239687838,-1.84596985357097],[16.942682520013516,-1.866093805641823],[16.9450149597161,-2.001266349512168],[16.611826227575047,-1.989336841463486],[16.58350943976424,-1.946677856140687],[16.56026972153014,-1.862831924065912],[16.503999839631064,-1.874000004521388],[16.589000160173068,-1.745000077709303],[16.81599995975829,-1.301000121320585],[16.989999840300055,-1.143000073418179],[17.12999987972656,-1.064000004411442],[17.255000160457666,-1.040999956120835],[17.340999839685242,-0.990000065322043],[17.49300011995443,-0.838999949887958],[17.560000079681615,-0.751999973701048],[17.58490991964081,-0.687577797844579],[17.63300016027927,-0.662999942245709],[17.70000012000645,-0.568000045223437],[17.74199988003663,-0.381000021449533],[17.714999879600217,-0.233000039531665],[17.71400015979188,-0.128000064788812],[17.77100003964026,0.0],[17.758000079887605,0.017999964711813],[17.775000000445218,0.108000086318624],[17.821000079708163,0.215999964642101],[17.92299995968501,0.316000047261265],[17.96299991987411,0.408000041416781],[17.95299983999531,0.495000010440687],[17.87600015971543,0.593999962098211],[17.894999880114156,0.774999902247639],[17.844999840046285,0.919000039186186],[17.84999987998569,1.011999984356158],[17.942000040308173,1.164000044793654],[17.927728560186594,1.251049843760152],[17.970999839687366,1.309000044648077],[18.019000079914157,1.443999913064959],[18.068000039949286,1.521000004916748],[18.08799984038075,1.677999934634464],[18.057999960070486,1.821000046164325],[18.08600003964134,1.983999889296933],[18.59067360039568,1.976993933668337],[18.604324439877338,1.949453995581672],[18.70865999978004,1.902819944870315],[18.762729479950206,1.972235017950554],[18.84910081646535,1.976680171150933],[18.958200119861846,2.013810035224749],[19.06470838014503,2.099679044871698],[19.1254673761825,2.12635596043362]]],"type":"Polygon"},"properties":{"admin_level":"ADM1","id":"cod-adm1-cd41","name":"Equateur","source_code":"CD41","source_feature_id":"CD41","source_id":"ocha-rgc-cod-adm1-2017","source_name":"Equateur"},"type":"Feature"},{"geometry":{"coordinates":[[[19.072905372365327,4.775668450593295],[19.07244324035562,4.761712095488416],[19.11414347961218,4.766318013901967],[19.124588156386345,4.734669092547589],[19.152343443245687,4.734746020785305],[19.163475359958277,4.703104022163018],[19.189537200336147,4.690271021902703],[19.21076627965692,4.699710854933262],[19.229328173762568,4.68035008995111],[19.25535238730645,4.691913116739888],[19.285351200418194,4.675437109289265],[19.298316960409686,4.684349116765119],[19.33016435995073,4.646460099173003],[19.37993828687506,4.625130114727452],[19.420891199680472,4.677591003921705],[19.458511200186766,4.677532984327262],[19.474949159855463,4.663207149305312],[19.474043373283116,4.619002064370435],[19.51864631895434,4.587249953949613],[19.3076683201094,4.085657944973879],[19.269180360189107,4.075721645843678],[19.266424200438337,4.033451077837153],[19.35379836044113,3.986518085552587],[19.418020193015586,3.896280139569416],[19.430477242451573,3.909995187134796],[19.42048242310707,3.94464825872052],[19.444715328600783,3.950202864451525],[19.452224477214767,3.933708228821078],[19.469269440199042,3.947242103943091],[19.457100360100434,3.970822987146289],[19.47058127965286,3.974650105775437],[19.468120319779167,4.012146137860333],[19.498638239649193,4.030427145824692],[19.51184844021264,4.060033142071261],[19.55030616014554,4.042945107633858],[19.551910320375935,4.064601048008706],[19.596199150345132,4.059773018529601],[19.65169942757398,4.078770023954421],[19.67589539973309,4.066362117590596],[19.681482239877315,4.080232113979632],[19.703743199591916,4.055372086950955],[19.8084164398032,4.084996031886979],[19.913849280147343,4.063050130722071],[19.887876375677543,3.979684968186523],[19.935940319034405,3.917786982889443],[19.996082638697278,3.873851379936441],[20.19696047905255,3.800447011308212],[20.218324319140663,3.771421041030914],[20.130966359355728,3.730970110907904],[20.134004582020857,3.655034924464867],[20.14996313777189,3.639538976250428],[20.111274359469828,3.567106086295638],[20.13850619891138,3.523178123246717],[20.21727816002541,3.46827443893182],[20.21133604157619,3.383015044405741],[20.281153680379738,3.303214206570599],[20.284405560148684,3.189040819898767],[20.228471640081082,3.140037693016659],[20.17456092006938,3.035151877471503],[20.222100359589696,2.926722073189065],[20.382311211911333,2.816828073981628],[20.647093679832746,3.112006603390678],[20.733431184895974,3.18835188665712],[20.720802225762412,3.06742019672638],[20.702705400259113,3.068636030578146],[20.73355844383239,2.998946088478092],[20.718490485938876,2.994435083175166],[20.714821336923833,2.944917134096165],[20.74169123974754,2.935035144466576],[20.728342439915558,2.918111044135726],[20.745678239659572,2.899396045219563],[20.736715319573538,2.878139985117178],[20.75757426155623,2.87487714799445],[20.766468193723405,2.827776090335271],[20.79741132035338,2.822763052905944],[20.8047441602198,2.745269103657944],[20.907095222183948,2.609944090964103],[20.9163034721741,2.57780698664051],[20.873935439708344,2.505398084380923],[20.819090160085768,2.473378092376778],[20.801822399639672,2.434792014689601],[20.778454439712238,2.438722015891971],[20.774309261750023,2.415903099013935],[20.744133411357033,2.414247134860126],[20.735172359766796,2.443851078615996],[20.670709319657067,2.413804078806569],[20.665661400411338,2.440452113889373],[20.588159160340712,2.410737991589921],[20.566791363173753,2.420895021794959],[20.555507199088492,2.404451146917589],[20.535265440130186,2.416457075635219],[20.51121527981304,2.395291119829112],[20.493925199825398,2.43401807733675],[20.434801148384828,2.421032155610418],[20.36470032017953,2.431869130451773],[20.297043359602984,2.402453018847975],[20.2651023601009,2.417331142371699],[20.25595637863132,2.393310212893558],[20.232732239879187,2.405740075638886],[20.16259933103848,2.349596277845089],[20.102985360001487,2.340954034856145],[20.112777360416082,2.298711128782823],[20.101122360103428,2.274664989450428],[20.045150279602524,2.245346030581727],[20.019298495880808,2.177209218710982],[19.99546992029987,2.182030003566117],[19.953759960373617,2.145030028617713],[19.963779840019576,2.126949982164285],[19.92233988043006,2.040710002456656],[19.9316599203674,2.022860016948769],[19.905069960434005,2.006949926436954],[19.600317086896332,2.005178118798215],[19.1254673761825,2.12635596043362],[19.06470838014503,2.099679044871698],[18.958200119861846,2.013810035224749],[18.84910081646535,1.976680171150933],[18.762729479950206,1.972235017950554],[18.70865999978004,1.902819944870315],[18.604324439877338,1.949453995581672],[18.59067360039568,1.976993933668337],[18.08600003964134,1.983999889296933],[18.0650001600754,2.026999892499792],[18.088999920413524,2.089999994555931],[18.105999840072837,2.266999977243494],[18.185000039744338,2.34500010036629],[18.24199991959272,2.507000071219023],[18.339000119854635,2.598999954923773],[18.429000120111606,2.768000018436338],[18.444999959738112,2.821999980719259],[18.439999919798712,2.881999974969181],[18.4680000002679,2.958000026964678],[18.51699996030303,3.013999962796345],[18.533000160154003,3.070000037982909],[18.595000079941787,3.105999907168739],[18.641999879911367,3.209000081895078],[18.64000008007025,3.449000451282102],[18.587000160128497,3.750999964834928],[18.601999919722264,3.896000003121342],[18.651999959790167,3.978000033444766],[18.64900007991628,4.075999932386788],[18.546000119906658,4.307999962299833],[18.606999959661668,4.357999955880123],[18.676000080352694,4.352999981895636],[18.733100399934713,4.386678126420841],[18.762999839613077,4.386999967435868],[18.811000079839832,4.46099999380447],[18.831999960304106,4.557999989413372],[18.906000120036207,4.65600002149424],[18.932000040439874,4.666000021448783],[19.01400011998523,4.767999987913321],[19.072905372365327,4.775668450593295]]],"type":"Polygon"},"properties":{"admin_level":"ADM1","id":"cod-adm1-cd42","name":"Sud-Ubangi","source_code":"CD42","source_feature_id":"CD42","source_id":"ocha-rgc-cod-adm1-2017","source_name":"Sud-Ubangi"},"type":"Feature"},{"geometry":{"coordinates":[[[19.554999840437052,5.146000018838179],[19.695999958998033,5.132999933469466],[19.824999839411333,5.092999977886895],[19.914999838769972,4.979999899142469],[20.02399991875177,4.965999943351478],[20.091999959410057,4.906000015816311],[20.15069795877598,4.884774031324404],[20.195999999452457,4.827000058563197],[20.342999879557805,4.751000092799675],[20.453000039572377,4.626999925973493],[20.462000040316703,4.50300002508476],[20.60600003515832,4.403000003324124],[20.656015905338137,4.421731520740467],[20.81000014186173,4.419000042248346],[20.864999860746266,4.445999915788048],[21.07500010179494,4.392000070405383],[21.119000013805795,4.336000033266752],[21.210999811208918,4.286999986149239],[21.23700011968477,4.294999952501202],[21.251000160368527,4.329000069633729],[21.28200011981327,4.338000037606982],[21.37700012497532,4.277999945924979],[21.43175144710742,4.284182460282047],[21.450999921788092,4.264999958421527],[21.565000080336834,4.246999967927717],[21.65100011799222,4.309000090945545],[21.676999990785177,4.295999918085702],[21.734999949768003,4.303999966447097],[21.77200002559163,4.269999978921041],[21.80499978308086,4.269999986135633],[21.858999778563767,4.240000073653928],[21.9549998925047,4.223999977345196],[22.007000089044862,4.239000039577073],[22.094999922049773,4.212000043647146],[22.164000035554288,4.154000040586777],[22.26599990564967,4.113999941372773],[22.408999911188353,4.125999951593938],[22.49892860856794,4.11436018528264],[22.546883519805494,4.136264757201836],[22.648459679734195,4.113733894040577],[22.673505600085903,4.122212929283161],[22.680267479740923,4.09242678825483],[22.694102279819724,4.084046845777624],[22.714349760148075,4.102682141630654],[22.74749928026987,4.073663971888195],[22.76007983997258,4.030215183161848],[22.786831440063267,4.033790146338977],[22.837045213591743,3.987149295876053],[22.80958018587548,3.965228041840623],[22.800537359746595,3.911533087313406],[22.783853160180424,3.904747086129437],[22.78214640695465,3.88562999788545],[22.81397003976825,3.855920049613003],[22.844180159990977,3.861639941253308],[22.901410080417342,3.834620039125354],[22.969299959774006,3.859679908747376],[22.9900600798889,3.838180029021678],[23.021539920256732,3.860019946930287],[23.077259999964244,3.854840046979012],[23.153649840048878,3.877639928309185],[23.154519959911166,3.847720014427181],[23.22638243738923,3.862902013141086],[23.268930120335384,3.836679933392867],[23.324159879797868,3.835400120470411],[23.3697458114603,3.797691928223775],[23.393061176824506,3.807952264918308],[23.402310121395335,3.833329940248182],[23.482620000072394,3.813079958164697],[23.529110157933513,3.818630207400339],[23.530493160127495,3.776523042051053],[23.488582319835707,3.733467101624476],[23.407284240447186,3.688339064517523],[23.351834879728656,3.712816897539555],[23.285246399605576,3.77768443071019],[23.2430500801064,3.792322867586809],[23.246414279828564,3.77140107937564],[23.12328275989147,3.696200520684115],[23.091226200212912,3.639328473092298],[23.056675200450073,3.63255920398964],[23.023613160067253,3.590621866654962],[22.841803070425495,3.554009638542351],[22.806907190357098,3.517023028913654],[22.681497590470176,3.445039595302668],[22.616624870081868,3.369291444432826],[22.621177070207718,3.295903422763953],[22.555909430657604,3.170488410172578],[22.557329270964754,3.123810055286155],[22.52141927109398,3.085813147386466],[22.48645411923904,2.978543105085356],[22.46227018989465,2.99977900437023],[22.35468527269232,3.031930988615285],[22.002439319889497,2.90321006242161],[21.87317843576703,2.895776056484298],[21.74562647609839,2.93321611976169],[21.592201319566556,2.913348129931668],[21.573753480060947,2.930231084158577],[21.533735160104104,2.9257630554161],[21.471296399825295,2.947807110573777],[21.434690157100317,3.001134028985537],[21.294491400451452,3.068322159178817],[21.250110317994164,3.118583942651923],[21.22192728034603,3.121336107332168],[21.17028420006392,3.163246119865366],[21.144810960114725,2.922435826390362],[21.045659760074674,3.006535211975311],[21.033041039938695,3.064385801718829],[20.979602999954782,3.111383925335486],[20.930881409859914,3.101999041605295],[20.888670066935912,3.163079282921935],[20.850279479900834,3.180459094482551],[20.79472536034879,3.247401059430577],[20.647093679832746,3.112006603390678],[20.382311211911333,2.816828073981628],[20.222100359589696,2.926722073189065],[20.175313320205262,3.027838096398926],[20.228471640081082,3.140037693016659],[20.2855136401365,3.197041415444736],[20.281153680379738,3.303214206570599],[20.21133604157619,3.383015044405741],[20.22028919967007,3.462867545428324],[20.13850619891138,3.523178123246717],[20.111788439255786,3.56135602006799],[20.14996313777189,3.639538976250428],[20.134004582020857,3.655034924464867],[20.130966359355728,3.730970110907904],[20.218324319140663,3.771421041030914],[20.213625239075963,3.783345145318642],[19.996082638697278,3.873851379936441],[19.947434758964746,3.908152140814409],[19.88957843879921,3.970034044025851],[19.91917429103066,4.05780924149784],[19.85797115983191,4.080668058587836],[19.754383319842454,4.079145037836239],[19.703743199591916,4.055372086950955],[19.686529439572507,4.079824033368475],[19.67589539973309,4.066362117590596],[19.65169942757398,4.078770023954421],[19.596199150345132,4.059773018529601],[19.551910320375935,4.064601048008706],[19.55030616014554,4.042945107633858],[19.51184844021264,4.060033142071261],[19.498638239649193,4.030427145824692],[19.468120319779167,4.012146137860333],[19.47058127965286,3.974650105775437],[19.457100360100434,3.970822987146289],[19.469269440199042,3.947242103943091],[19.452224477214767,3.933708228821078],[19.444715328600783,3.950202864451525],[19.42048242310707,3.94464825872052],[19.430477242451573,3.909995187134796],[19.418020193015586,3.896280139569416],[19.35379836044113,3.986518085552587],[19.266424200438337,4.033451077837153],[19.268232480359202,4.073276741596682],[19.3076683201094,4.085657944973879],[19.51864631895434,4.587249953949613],[19.474043373283116,4.619002064370435],[19.474949159855463,4.663207149305312],[19.458511200186766,4.677532984327262],[19.420891199680472,4.677591003921705],[19.37993828687506,4.625130114727452],[19.33016435995073,4.646460099173003],[19.298316960409686,4.684349116765119],[19.285351200418194,4.675437109289265],[19.25535238730645,4.691913116739888],[19.229328173762568,4.68035008995111],[19.21076627965692,4.699710854933262],[19.189537200336147,4.690271021902703],[19.163475359958277,4.703104022163018],[19.152343443245687,4.734746020785305],[19.124588156386345,4.734669092547589],[19.11414347961218,4.766318013901967],[19.01400011998523,4.767999987913321],[19.098000000270055,4.921999946652003],[19.136000159719714,4.941000043444375],[19.202000040312456,4.941999985706937],[19.240999919570452,5.006999960369743],[19.359000000296607,5.072999950282875],[19.4029999203923,5.120999961115642],[19.490000039877085,5.121999982547948],[19.554999840437052,5.146000018838179]]],"type":"Polygon"},"properties":{"admin_level":"ADM1","id":"cod-adm1-cd43","name":"Nord-Ubangi","source_code":"CD43","source_feature_id":"CD43","source_id":"ocha-rgc-cod-adm1-2017","source_name":"Nord-Ubangi"},"type":"Feature"},{"geometry":{"coordinates":[[[22.65960744003349,3.15244458259074],[22.769577360060637,3.118061495733417],[22.788424439624592,3.040204560380181],[22.827750480094263,3.018985792721688],[22.857884280348785,3.020027879206871],[22.891659479760914,3.067837674217362],[22.92183467977364,3.080575489516279],[22.965860159634143,3.077465242976911],[22.9912700396097,3.053381307269175],[23.01972515988944,3.07138941941361],[23.059734438302964,3.033440935763808],[22.95406007960646,2.852955584904763],[22.948569360095927,2.774616846302855],[22.932444599847685,2.802755046881357],[22.905816120154885,2.809885257551096],[22.884903360103518,2.794769172802532],[22.887023400343722,2.738620245707985],[23.047235999888578,2.574493462083806],[23.256559440320697,2.509924049134062],[23.297931359713992,2.477496145042538],[23.27417992785636,2.47021903994054],[23.290310159743026,2.451680044430621],[23.314529879765,2.456420113737492],[23.315919840309167,2.491869972997854],[23.342680080396235,2.492720042432469],[23.35941476617971,2.565077192036655],[23.427261360214402,2.502884093371278],[23.45192135982846,2.511081105238851],[23.53644935966878,2.451276154446331],[23.57258256034494,2.396248575257309],[23.561203679692746,2.360018234373002],[23.579769220958447,2.193119172837317],[23.48491319956674,2.184985105884274],[23.32906140150006,2.282090946025182],[23.313419280002826,2.258988065946173],[23.321880346373938,2.105572154204684],[23.31256319991011,2.089857165251117],[23.271167159853114,2.106117994227245],[23.22425519984695,2.085449267075557],[23.177406239589992,2.099405979142751],[23.10492923989744,2.171663143131668],[23.020940160057282,2.218989974428292],[23.004519938522208,2.175170231814552],[22.97814984035625,2.186050043757558],[22.974210000200035,2.158419947003046],[22.934069999844652,2.142509982946981],[22.9488591449285,2.117988883098365],[22.92387984004502,2.091150012232645],[22.897739880373397,2.102930034045349],[22.888580039695597,2.069049892789323],[22.783965041755792,2.01752341497995],[22.69354807678161,2.069368985722194],[22.680869778579336,2.049960282369384],[22.622929919583953,2.096960064643246],[22.3544801783298,2.162040017849126],[22.367981159957434,2.064355011741188],[22.475334239951255,1.982060128455995],[22.491285478924297,1.923736977880108],[22.48032744011809,1.888923148239458],[22.43541347972919,1.871814048757504],[22.420995496961208,1.809141132104532],[22.357628299988466,1.784307776520249],[22.37243903967341,1.710682410266664],[22.323966839867737,1.757399168538509],[22.271322960002312,1.737673573482981],[22.127389918395465,1.76261713745324],[22.051863720421647,1.759221004873135],[21.875712120551174,1.701227080108491],[21.863073599749708,1.332153154151023],[21.898152719966404,1.309286181078986],[21.934689119576383,1.23201517920912],[21.937689000348566,1.142854834741607],[22.01728608022072,1.123141326251449],[22.05397115999333,1.079844984749972],[22.105862999947306,0.928036321306199],[21.96707507979152,0.95109609535392],[21.863569319767887,0.86510102919084],[21.79572264039324,0.858090010951148],[21.72767831997799,0.902655273340772],[21.659790239946847,0.886227714975563],[21.66416063992381,0.819607933647258],[21.63386735996028,0.725617568184978],[21.53121263958232,0.747225449934889],[21.459838320104403,0.803450701238752],[21.341900879801315,0.818845442869518],[21.299223240277968,0.847918568561639],[21.233035440212614,0.858594608011878],[21.13016256037465,0.917405536731884],[21.1137397202505,0.909811456635884],[21.02096052025237,0.950781811143286],[20.99805804035569,0.980986654445481],[21.022687439757917,1.061685302680546],[21.00556007970251,1.190970068813357],[20.91004992039229,1.170730007464993],[20.85143004032009,1.186150042054422],[20.77003920987849,1.169780718784798],[20.69089025728076,1.182391514895027],[20.713939559624112,1.269223965501816],[20.65109255996443,1.364115165981715],[20.637359999843046,1.416934439652681],[20.66045963479173,1.487269878808809],[20.659815719701154,1.56699121719685],[20.695555080092117,1.635895486766429],[20.68921044003882,1.708419332564539],[20.615044320151224,1.698646560534225],[20.56708512035649,1.666423099063377],[20.451033359717485,1.681568454398368],[20.40470856014058,1.666175383605594],[20.32772112030478,1.730353525403261],[20.237596200324408,1.752503819428151],[20.09942928013464,1.753360605056964],[20.010394439700377,1.71399757501323],[19.959728040134515,1.708489412224835],[19.87948295963385,1.660839314317765],[19.705911120036777,1.628721342058256],[19.446725520153084,1.458082601760052],[19.21289652026716,1.349838566722429],[19.208530956819704,1.577457586540769],[19.230450120145115,1.642789998717729],[19.318409999679453,1.708620022987023],[19.476740159783496,1.779109942113595],[19.822139999703726,1.843220027312082],[19.813551891788503,1.900193199821563],[19.8310100402776,1.938320051349742],[19.857790080131863,1.957920001165253],[19.88168004029113,1.946660023366344],[19.90717002034567,1.980280757597417],[19.90774008044518,2.015029994991447],[19.9316599203674,2.022860016948769],[19.92233988043006,2.040710002456656],[19.963779840019576,2.126949982164285],[19.953759960373617,2.145030028617713],[19.99546992029987,2.182030003566117],[20.019298495880808,2.177209218710982],[20.045150279602524,2.245346030581727],[20.101122360103428,2.274664989450428],[20.112777360416082,2.298711128782823],[20.102985360001487,2.340954034856145],[20.16259933103848,2.349596277845089],[20.232732239879187,2.405740075638886],[20.25595637863132,2.393310212893558],[20.2651023601009,2.417331142371699],[20.297043359602984,2.402453018847975],[20.36470032017953,2.431869130451773],[20.434801148384828,2.421032155610418],[20.493925199825398,2.43401807733675],[20.51121527981304,2.395291119829112],[20.535265440130186,2.416457075635219],[20.555507199088492,2.404451146917589],[20.566791363173753,2.420895021794959],[20.588159160340712,2.410737991589921],[20.665661400411338,2.440452113889373],[20.670709319657067,2.413804078806569],[20.735172359766796,2.443851078615996],[20.744133411357033,2.414247134860126],[20.774309261750023,2.415903099013935],[20.778454439712238,2.438722015891971],[20.801822399639672,2.434792014689601],[20.819090160085768,2.473378092376778],[20.873935439708344,2.505398084380923],[20.9163034721741,2.57780698664051],[20.909183400079336,2.606740111992153],[20.8047441602198,2.745269103657944],[20.79741132035338,2.822763052905944],[20.7611391646758,2.835092049405435],[20.760130213779625,2.870528048555252],[20.736715319573538,2.878139985117178],[20.745678239659572,2.899396045219563],[20.728170365826244,2.911895184304744],[20.74169123974754,2.935035144466576],[20.714821336923833,2.944917134096165],[20.718490485938876,2.994435083175166],[20.73355844383239,2.998946088478092],[20.702705400259113,3.068636030578146],[20.720802225762412,3.06742019672638],[20.72477916005167,3.158606132188818],[20.733431184895974,3.18835188665712],[20.79472536034879,3.247401059430577],[20.850279479900834,3.180459094482551],[20.888670066935912,3.163079282921935],[20.930881409859914,3.101999041605295],[20.979602999954782,3.111383925335486],[21.033041039938695,3.064385801718829],[21.045659760074674,3.006535211975311],[21.144810960114725,2.922435826390362],[21.17028420006392,3.163246119865366],[21.22192728034603,3.121336107332168],[21.250110317994164,3.118583942651923],[21.294491400451452,3.068322159178817],[21.434690157100317,3.001134028985537],[21.471296399825295,2.947807110573777],[21.533735160104104,2.9257630554161],[21.573753480060947,2.930231084158577],[21.592201319566556,2.913348129931668],[21.784570248380376,2.928919066396136],[21.87317843576703,2.895776056484298],[22.002439319889497,2.90321006242161],[22.35468527269232,3.031930988615285],[22.46227018989465,2.99977900437023],[22.48645411923904,2.978543105085356],[22.52141927109398,3.085813147386466],[22.557329270964754,3.123810055286155],[22.555909430657604,3.170488410172578],[22.621177070207718,3.295903422763953],[22.615918549926793,3.33332979158915],[22.648582439907674,3.312431463274027],[22.651378919641633,3.283764964991585],[22.588514279764752,3.202452668879598],[22.577358960142345,3.16097975499629],[22.65960744003349,3.15244458259074]]],"type":"Polygon"},"properties":{"admin_level":"ADM1","id":"cod-adm1-cd44","name":"Mongala","source_code":"CD44","source_feature_id":"CD44","source_id":"ocha-rgc-cod-adm1-2017","source_name":"Mongala"},"type":"Feature"},{"geometry":{"coordinates":[[[22.127389918395465,1.76261713745324],[22.271322960002312,1.737673573482981],[22.334118840132433,1.752741074947727],[22.37243903967341,1.710682410266664],[22.28483753403853,1.671993064906219],[22.26481635549991,1.628145945569791],[22.251260361942588,1.511900036251684],[22.311259920442208,1.492780034300841],[22.323759715312676,1.50344954208815],[22.346470079706034,1.490279966825908],[22.396459951743225,1.497069940143513],[22.42311984013161,1.474949962546338],[22.463039879904805,1.483969966942111],[22.46910984029705,1.46584992450451],[22.47682065170918,1.473949630659073],[22.55687847389729,1.428740439468009],[22.639920120370203,1.344220085715987],[22.65442991994338,1.293489921074375],[22.68134999996392,1.265169886299021],[22.681789920229928,1.233210030454481],[22.73496012032536,1.173099941507103],[22.740249960368686,1.133360025401777],[22.77867998434304,1.089240242883408],[22.785189839848446,1.03732992392537],[22.825550160112083,0.976440024059558],[22.822289999672826,0.882170057353685],[22.8574501200804,0.777130069509142],[22.84608996031872,0.698910068701671],[22.875220080092838,0.642110037764108],[22.946678782816974,0.568340686144475],[22.927475520344547,0.502499978690163],[22.97123132236348,0.368830162845005],[22.93013520013549,0.344209070399676],[22.941274320438335,0.30798804734364],[22.98680806986424,0.215703503607075],[23.049040288594608,0.150864115019325],[23.052629488447707,0.113760532736027],[23.09351144782038,0.053115840042885],[23.22413258070901,-0.069212109750367],[23.308235240838716,-0.123775931699102],[23.356514478928137,-0.187687911424434],[23.275594389051594,-0.295236851922244],[23.084634364454697,-0.277187055606138],[23.010158129961344,-0.328928922819687],[22.943618321458665,-0.403650916166555],[23.135076327133334,-0.412090884944959],[23.100830097898584,-0.559477630171489],[23.24478129445734,-0.457545998725705],[23.41874735971686,-0.413522986884142],[23.454986407984613,-0.45239508367032],[23.47438356013303,-0.54433609689187],[23.539252680073673,-0.594559017354901],[23.534352719643437,-0.612783430079731],[23.397678360179686,-0.649840855199796],[23.382353520047523,-0.672787954582789],[23.333475240410902,-0.69154193349002],[23.313066480149693,-0.75675088388812],[23.27774471958486,-0.745599338113974],[23.255262360187025,-0.761076835566023],[23.298620399876235,-0.790354923425684],[23.308135920405963,-0.819738589729602],[23.35579631987591,-0.85320478110845],[23.385500279860256,-0.897931572052028],[23.50968911958171,-0.985780523237587],[23.63850251962348,-1.010588074114479],[23.67062639994772,-1.074912864918977],[23.650988759814613,-1.149201387867868],[23.702396258710106,-1.150154984751525],[23.80002840041816,-1.187949106308472],[23.841742320118215,-1.278848029743246],[23.89826844016386,-1.310881009283434],[23.934370198906745,-1.378785721461511],[24.0719491807262,-1.30742405189407],[24.126003720116575,-1.32277308607743],[24.359886360204708,-1.324843234564429],[24.385265279744033,-1.421389519483822],[24.40558512026685,-1.652370284900953],[24.44404425504631,-1.715305850640144],[24.195879360443076,-1.716726878772781],[23.96771433095,-1.698341191503972],[23.95470695290971,-1.736965019110862],[23.811168578936453,-1.735640398912323],[23.767606761814903,-1.765119578174211],[23.714016460085265,-1.77349802405617],[23.678099604272244,-1.821650901311424],[23.562313903959133,-1.793341233486944],[23.59249122758916,-1.884638914122372],[23.58552129452112,-1.990409965779734],[23.45972757052711,-2.030177017936587],[23.423952214642718,-1.997393894753974],[23.327456380683607,-2.029258410267184],[23.287540289904385,-2.08779000559406],[23.201402365344457,-1.979190918551387],[23.146808366964734,-1.944821990246984],[22.931553139607484,-1.878141861090042],[22.868439917026862,-1.88489780975179],[22.824930334244137,-1.862750081784333],[22.759289988174174,-1.855490003041682],[22.6902999492756,-1.808330095391172],[22.638149990102836,-1.815559938093279],[22.621749829744676,-1.802339970139903],[22.622500071228934,-1.777140043071344],[22.58959048572962,-1.7508401626358],[22.492707461713394,-1.916803810425103],[22.195396074784192,-1.810929736617124],[22.133609993559908,-1.877293792728987],[22.22336231481832,-2.406886060692151],[22.148620553598345,-2.448651858166104],[22.131154791887216,-2.433662441100013],[22.130395553775386,-2.39845196220958],[22.09374827421157,-2.362532495272761],[22.093276674857087,-2.307057594940348],[22.061152794532852,-2.300831470750858],[21.992091114990323,-2.394196807291066],[21.844079275530913,-2.53238726020406],[21.681068399621505,-2.468919884513109],[21.64641956434105,-2.431295031962203],[21.59521524010834,-2.419367929389647],[21.561498360222743,-2.378752988581653],[21.410085240382845,-2.309602927226076],[21.412697400193565,-2.445885662907314],[21.443254218013706,-2.497663864685804],[21.39140915962478,-2.473068922825746],[21.202274519770047,-2.51275402873057],[21.016336328241298,-2.49444189528112],[21.02314247956847,-2.408827782890821],[21.01176436248425,-2.38377902691403],[20.960905320104036,-2.346971986232465],[20.88873308285477,-2.214610774256573],[20.843540280011798,-2.19323497723664],[20.767513319776096,-2.111910879555392],[20.657524108428216,-1.96050208872294],[20.6254980088243,-2.013234146925091],[20.543277959713627,-2.031318975982461],[20.507428800042103,-2.071550065713639],[20.397663359929794,-2.119545899306012],[20.315692983179304,-2.052773812229976],[20.247442200267358,-2.028941941989307],[20.235532320060813,-1.987481872346526],[20.18492136002272,-1.958452997667694],[20.15354880005939,-1.919135614398368],[19.913656319329384,-1.891810885914516],[19.83958883895154,-1.663453033600589],[19.73549555917254,-1.579455219598458],[19.652553358896544,-1.696609021116654],[19.634340599517635,-1.777542132192521],[19.601283239357464,-1.80201859269254],[19.53127619975939,-1.795404967992527],[19.50259946779403,-1.774295103444999],[19.52035740026313,-1.710027916162275],[19.488985199625905,-1.643376956630701],[19.494680039725168,-1.572062874255963],[19.43336735987581,-1.424721184275884],[19.514377440282548,-1.257101891743819],[19.610374320288464,-1.171060846235626],[19.601684489845415,-0.977960875176301],[19.688616047212765,-0.99206261035184],[19.671152400135803,-1.049865971219634],[19.681961400351533,-1.155880930083599],[19.7113433484425,-1.170541893191436],[19.84801644038338,-1.157584870541295],[19.909280447714,-1.107389869095105],[20.00504843968044,-1.095771873512261],[20.09223143998742,-1.06548000651146],[20.16190918774503,-1.018534245860279],[20.13763427972357,-0.987373912173283],[20.137397400271354,-0.945090992817438],[20.254358159858196,-0.758022862792396],[20.28381932318754,-0.665600312105404],[20.226380573203727,-0.602800700830533],[20.175959879936062,-0.597469995955362],[20.15546004038651,-0.528530100854976],[20.097362024900516,-0.481481361690489],[20.108788955538955,-0.392439057256169],[20.07151093198327,-0.363740843091494],[20.052420119719773,-0.307140059597432],[20.01085565273355,-0.311261177932307],[19.97477021458277,-0.276150127762895],[19.943520120145468,-0.27389994440609],[19.924229880092277,-0.255639919377425],[19.91180987987358,-0.190130068160616],[19.898030159996413,-0.205660013094943],[19.886031513663383,-0.185512042713987],[19.86383987963422,-0.199490103562633],[19.85847012007332,-0.18040000942058],[19.82296045890051,-0.166639342992869],[19.837339920112488,-0.137499990822539],[19.82729987957657,-0.125110019996727],[19.89068004013716,-0.09105000987744],[19.92274219991319,-0.109829839469093],[19.987779959683806,-0.10745992638937],[20.02016987967271,-0.150360002246097],[20.050059959804152,-0.149610051939349],[20.074579920150256,-0.172250048971095],[20.09406973980842,-0.153769749689366],[20.070629999998214,-0.142839946293802],[20.078700120455977,-0.127269938397324],[20.19395015985676,-0.119889916509068],[20.209119840278092,-0.140869995129155],[20.192159880377567,-0.201619914824549],[20.219770080335362,-0.232229906621891],[20.226729433944325,-0.267717574624442],[20.24426087328251,-0.274469593799122],[20.26860012044122,-0.244519952099824],[20.294759879880004,-0.260279994352489],[20.32178077872319,-0.241139892899492],[20.338859880383193,-0.249039997092775],[20.346941159713435,-0.137261901781372],[20.44763748000848,-0.072367878372454],[20.548967400039707,-0.063483973032605],[20.576448359377558,-0.018710266408819],[20.562032210071052,-0.00156896528003],[20.472240238972656,0.006337566237146],[20.46372983892275,0.030240372978132],[20.564012519165445,0.099227213203309],[20.574717479199904,0.138119813096638],[20.49522047883692,0.176019985023546],[20.35350810764673,0.347881235484512],[20.295061258369618,0.375118010047434],[20.30003315948107,0.427551113610606],[20.3587873188236,0.512215103737225],[20.358471598730493,0.574264662534761],[20.430052559469864,0.673448105366896],[20.409877439335943,0.732404080996993],[20.400005159179376,0.858499094853432],[20.440159919753132,0.957960061194881],[20.437813440280976,1.061849107035225],[20.488073399791485,1.108767007999278],[20.555866325776147,1.235635906610373],[20.713120547613254,1.174090584298128],[20.74364122890446,1.184026074439718],[20.817989999645526,1.170910023002447],[20.85143004032009,1.186150042054422],[20.94680016036236,1.172289962103666],[21.00556007970251,1.190970068813357],[21.022687439757917,1.061685302680546],[20.997969479943404,1.000456181025021],[21.010982399690683,0.958020971798101],[21.1137397202505,0.909811456635884],[21.13016256037465,0.917405536731884],[21.233035440212614,0.858594608011878],[21.299223240277968,0.847918568561639],[21.341900879801315,0.818845442869518],[21.459838320104403,0.803450701238752],[21.53121263958232,0.747225449934889],[21.63386735996028,0.725617568184978],[21.66416063992381,0.819607933647258],[21.659790239946847,0.886227714975563],[21.72767831997799,0.902655273340772],[21.79572264039324,0.858090010951148],[21.863569319767887,0.86510102919084],[21.96707507979152,0.95109609535392],[22.105862999947306,0.928036321306199],[22.08044484019974,1.027697462786904],[22.044708359807572,1.09394175568667],[22.01728608022072,1.123141326251449],[21.937689000348566,1.142854834741607],[21.934689119576383,1.23201517920912],[21.898152719966404,1.309286181078986],[21.863073599749708,1.332153154151023],[21.862078199939578,1.395161614534807],[21.875712120551174,1.701227080108491],[22.051863720421647,1.759221004873135],[22.127389918395465,1.76261713745324]]],"type":"Polygon"},"properties":{"admin_level":"ADM1","id":"cod-adm1-cd45","name":"Tshuapa","source_code":"CD45","source_feature_id":"CD45","source_id":"ocha-rgc-cod-adm1-2017","source_name":"Tshuapa"},"type":"Feature"},{"geometry":{"coordinates":[[[23.611669199791404,2.25427198842223],[23.59395841360337,2.191128264750935],[23.698091159966047,2.176063047362998],[23.773830479647813,2.125167991287631],[23.876276400112694,2.124334990299956],[23.903925480054262,2.084448018134267],[23.94627047971614,2.075696118386889],[23.978540520428687,2.114055987465806],[24.0856815602862,2.154313382345749],[24.06084299984819,2.176055663160107],[24.059805479830988,2.210562851022745],[24.17224752040093,2.22002841341235],[24.215266800006606,2.26019702239944],[24.2732084403612,2.259951737473035],[24.31036547971276,2.280847106714175],[24.336997920077632,2.274886500506365],[24.364686600451883,2.239681891707828],[24.457545719967584,2.28256335675416],[24.844534920088908,2.263382304094106],[24.861630960381916,2.26418713289359],[24.86664715652171,2.282664120098417],[24.8970092402495,2.239990032993623],[24.925947450234492,2.266337049702178],[24.950884319602288,2.264366143121104],[24.95255327980571,2.247115090016699],[25.012628279721202,2.265528992456772],[25.046547479971718,2.247253041660028],[25.0590873603651,2.25673403210696],[25.098835204776414,2.208797081703695],[25.171707146987032,2.291442076487314],[25.211439239439837,2.308155030080189],[25.33323117725222,2.274995979168037],[25.353235332716217,2.244234129887402],[25.436405045710963,2.199192135941756],[25.488769140789564,2.199826077470388],[25.527502317426237,2.173955127524335],[25.606994312376465,2.167692082390578],[25.659799425462328,2.178494964033595],[25.807021259511455,2.278313603695582],[25.820460775712423,2.264377483977109],[25.894065638990263,2.255479862651616],[25.91612211429844,2.218844990351052],[25.958243903273466,2.20285606930356],[25.990534081519748,2.270129015951741],[26.105075986168586,2.284005141741401],[26.153681013567113,2.327615144094628],[26.193056004134952,2.312526072413148],[26.217685311010715,2.341578027036852],[26.31689776627165,2.364362085870767],[26.32409596215172,2.120944977854196],[26.368678348979373,2.063057452847223],[26.424849489859028,2.065298987850813],[26.475212753830547,2.115724333666784],[26.49561430690824,2.051273346501988],[26.58429430921199,2.053249879883873],[26.599872884784347,2.06771324689996],[26.602646324527917,2.116283207493413],[26.622144273041112,2.120434003151694],[26.626348127161037,2.096715556216061],[26.642202022893237,2.102502076565828],[26.745547523470183,2.193058103623842],[26.769476349240207,2.191881507951654],[26.77500162514308,2.156317752657678],[26.809123077486536,2.12738407641978],[26.826247234149626,2.149967609633445],[26.859283332085337,2.146015191363784],[26.868899010277644,2.173089243089215],[26.928019031875863,2.095639926359812],[26.936618840347652,2.007539989580676],[26.98402882904227,1.955160429649213],[27.028608730231518,1.952919861318656],[27.060441116229207,1.914781992122706],[27.110961447933263,1.915310084487313],[27.142991391428257,1.896028015226336],[27.21017884752152,1.911294122596094],[27.224732029434726,1.958429021659223],[27.246236972396122,1.961717062199462],[27.22719298751179,2.018519096483256],[27.253678715024435,2.047996960000765],[27.29411765135016,2.023771176483358],[27.31376544963251,2.036509879685295],[27.357187079264087,1.995518967781077],[27.357008159113995,1.962547446218031],[27.409797433104767,1.885159570621028],[27.395119525504267,1.872175383066373],[27.349892875938025,1.876022963873972],[27.365683070336782,1.858785969504544],[27.3526730413681,1.840370019683702],[27.37192618459332,1.79024308638203],[27.306168639819834,1.72829996958563],[27.285258775936942,1.632590080682136],[27.21441014517337,1.63112956919966],[27.215808711577996,1.614799941475554],[27.19474080888378,1.603437850015953],[27.29491907075446,1.577860030948402],[27.35133895962788,1.592409900172824],[27.375589532288274,1.565070154942504],[27.432478951696066,1.57156002139969],[27.478258565523657,1.492949919532063],[27.494308429633396,1.426040066583211],[27.557178409096363,1.373659921930675],[27.572298393817867,1.339869890830922],[27.599247045654323,1.341039404503445],[27.612708521172408,1.362429821641383],[27.633508588469695,1.341060004842419],[27.70020842465374,1.348689880913115],[27.782608099092,1.301479413145177],[27.765082224816997,1.256636095890076],[27.783545177578937,1.228841094024509],[27.755512707453867,1.211650185645133],[27.77091403823415,1.149609003539408],[27.73941171303477,1.121543137750766],[27.74081552380398,1.068436038162327],[27.82439952902801,1.063418990626237],[27.852956008017888,1.038833046150602],[27.926714068187668,1.046446069399987],[27.928721601625057,1.016759562484298],[27.877730860834273,0.946435708560771],[27.886115817442935,0.93149132128336],[27.945712844457006,0.920247142970809],[27.974248673873433,0.940254005833205],[28.00073514159789,0.933134551764999],[27.954498310443515,0.84636548060624],[27.934531998307513,0.748946711569173],[28.017941637839936,0.636186917792379],[27.993069107609454,0.612741070964013],[27.95524645885317,0.621852081963029],[27.893061548998944,0.561698289428262],[27.79659890239967,0.529719949157312],[27.88105879736508,0.480350046713537],[27.92098888659134,0.491849995594481],[28.004065158626904,0.473954867148446],[28.026659959250527,0.463390073636652],[28.025983392195982,0.436279064146958],[28.047889861428143,0.427781982672447],[28.051773955731107,0.407564382551098],[28.03443415219586,0.402736077150071],[28.04196828205956,0.377466261692408],[28.059082971377876,0.376550140136383],[28.066177844830626,0.26972703226544],[28.134172784854695,0.220806045290468],[28.120262757159026,0.186809994983841],[28.137598901856133,0.183596080030488],[28.154028926705934,0.15098108485187],[28.102482012871636,0.102974090523673],[28.091286428063263,-0.005040543055901],[28.15312858392423,-0.265371908294588],[28.073224932401807,-0.307953985670298],[28.009370567372393,-0.316937968816885],[27.951481870127406,-0.387668884361325],[27.9419759471982,-0.406539005721835],[27.969294663609208,-0.444326975506137],[27.978717659461257,-0.513193010324155],[27.970406703370763,-0.544694923426067],[27.941458754749764,-0.554455939475307],[27.935616851455343,-0.576299953310351],[27.886855928625728,-0.596174361666241],[27.66046463972915,-0.59542138420028],[27.601426479806154,-0.572941988058309],[27.559510320589588,-0.534497122783571],[27.5191356326713,-0.541526664379778],[27.498545385773227,-0.528502882316006],[27.49521754805714,-0.492683006293179],[27.419755473624903,-0.516591001600455],[27.358583102538095,-0.51564079343288],[27.344522078822976,-0.476179942803085],[27.300391851807085,-0.452661997171611],[27.193103960756833,-0.446558925384802],[27.135745840857957,-0.423761985627343],[27.11782781333388,-0.387987974679589],[27.07284491173853,-0.38007886485506],[27.070174791727357,-0.329333000102517],[27.009533165971654,-0.273931844765608],[26.956342098910483,-0.266040930029708],[26.905804800725683,-0.228976939827276],[26.88895403284458,-0.240501863231605],[26.84595809146996,-0.20571214694177],[26.82796792743196,-0.217927911711949],[26.8472131627877,-0.245433007727366],[26.840866002960045,-0.259226041383204],[26.816473206328926,-0.266865820808219],[26.7906471548485,-0.252464972040264],[26.709135911531302,-0.316052313585102],[26.55990974384381,-0.378440015534863],[26.457377639010566,-0.381828569881117],[26.430749762087352,-0.319189957445065],[26.326449858114913,-0.258679892882512],[26.301309585912264,-0.191989977617082],[26.272992302231426,-0.199500309309472],[26.226280185934943,-0.136970547338622],[26.192569932022938,-0.132289948274462],[26.194479608383144,-0.106251072309774],[26.143221873018582,-0.093329826475062],[26.140228338843894,-0.077269800880918],[26.10141001988459,-0.076480080851552],[26.078359854260263,-0.049820082976115],[26.09111938621533,-0.032131472576536],[26.065010600779047,-0.034030266513554],[26.072079654853855,-0.022790042384657],[26.057069879044686,-0.013799981692383],[26.033574060106208,-0.048950274306079],[26.0649829156003,-0.161273574746992],[26.09967617167323,-0.219914976723295],[26.170768241387226,-0.284088987511418],[26.109110330889344,-0.37260598810203],[26.273465991067287,-0.498403737617566],[26.256624480325172,-0.624769901222588],[26.230238279857776,-0.668004877273968],[26.2449849597815,-0.826945932493958],[26.259656759736405,-0.855461956913107],[26.243652960336092,-0.894267689293981],[26.209643759673913,-0.922676150934599],[26.073605879945166,-0.962511943236666],[26.08294463987473,-1.090702106896698],[26.140962239973117,-1.132904304471485],[26.080278839861762,-1.155426293278282],[26.0589416402117,-1.259591575735583],[26.07961427968932,-1.264815273862415],[26.081919978342544,-1.281340037859112],[26.066670005602777,-1.310329749638798],[26.06955965680139,-1.384799988001409],[26.01727974284809,-1.407639931338435],[26.039049660072195,-1.443920092882594],[26.014189864359164,-1.468559920171325],[26.01537032160939,-1.488100007104662],[25.98203987989107,-1.502630013384029],[25.93357955491509,-1.495349808047641],[25.860999857124305,-1.411542549932692],[25.868700000144134,-1.639359951474558],[25.848020159771213,-1.708819992026666],[25.843428356517727,-1.832990133832669],[25.79017413070556,-1.842491900645992],[25.76041612537877,-1.817695887389103],[25.71333501889283,-1.824650971962121],[25.677482262366933,-1.850675980598121],[25.656509274767334,-1.892320068321582],[25.496107080391877,-1.964229848003596],[25.422588246972133,-2.054670894218895],[25.240084503420807,-2.111983789340608],[25.232086302982996,-2.075869610227403],[25.20037251346741,-2.087979479098932],[25.175925626578096,-2.077669265305668],[25.178568025477908,-2.051392230008333],[25.208960304277326,-2.027740182607497],[25.188477015288562,-1.980256187192269],[25.02449987462865,-1.968569995265934],[24.97823501064752,-1.981554860715821],[24.598389880215485,-1.980783041311686],[24.573266898785437,-1.943420205501381],[24.515102048642323,-1.904045208169783],[24.489424382677146,-1.818723544981712],[24.40558512026685,-1.652370284900953],[24.385265279744033,-1.421389519483822],[24.359886360204708,-1.324843234564429],[24.126003720116575,-1.32277308607743],[24.0719491807262,-1.30742405189407],[23.934370198906745,-1.378785721461511],[23.89826844016386,-1.310881009283434],[23.841742320118215,-1.278848029743246],[23.80002840041816,-1.187949106308472],[23.702396258710106,-1.150154984751525],[23.650988759814613,-1.149201387867868],[23.67062639994772,-1.074912864918977],[23.63850251962348,-1.010588074114479],[23.50968911958171,-0.985780523237587],[23.385500279860256,-0.897931572052028],[23.35579631987591,-0.85320478110845],[23.308135920405963,-0.819738589729602],[23.298620399876235,-0.790354923425684],[23.255262360187025,-0.761076835566023],[23.27774471958486,-0.745599338113974],[23.313066480149693,-0.75675088388812],[23.333475240410902,-0.69154193349002],[23.382353520047523,-0.672787954582789],[23.397678360179686,-0.649840855199796],[23.534352719643437,-0.612783430079731],[23.539252680073673,-0.594559017354901],[23.47438356013303,-0.54433609689187],[23.454986407984613,-0.45239508367032],[23.41874735971686,-0.413522986884142],[23.24478129445734,-0.457545998725705],[23.100830097898584,-0.559477630171489],[23.135076327133334,-0.412090884944959],[22.943618321458665,-0.403650916166555],[23.010158129961344,-0.328928922819687],[23.084634364454697,-0.277187055606138],[23.275594389051594,-0.295236851922244],[23.356514478928137,-0.187687911424434],[23.308235240838716,-0.123775931699102],[23.22413258070901,-0.069212109750367],[23.09351144782038,0.053115840042885],[23.052629488447707,0.113760532736027],[23.049040288594608,0.150864115019325],[22.98680806986424,0.215703503607075],[22.941274320438335,0.30798804734364],[22.93013520013549,0.344209070399676],[22.97123132236348,0.368830162845005],[22.927475520344547,0.502499978690163],[22.946678782816974,0.568340686144475],[22.875220080092838,0.642110037764108],[22.84608996031872,0.698910068701671],[22.8574501200804,0.777130069509142],[22.822289999672826,0.882170057353685],[22.825550160112083,0.976440024059558],[22.785189839848446,1.03732992392537],[22.77867998434304,1.089240242883408],[22.740249960368686,1.133360025401777],[22.73496012032536,1.173099941507103],[22.681789920229928,1.233210030454481],[22.68134999996392,1.265169886299021],[22.65442991994338,1.293489921074375],[22.639920120370203,1.344220085715987],[22.55687847389729,1.428740439468009],[22.47682065170918,1.473949630659073],[22.46910984029705,1.46584992450451],[22.463039879904805,1.483969966942111],[22.44462011993834,1.472579959937118],[22.38479097005148,1.499059739890543],[22.38054011966914,1.487310006448112],[22.364479362588263,1.50146886378009],[22.2904516578146,1.495390184153415],[22.24727253558049,1.526358797496576],[22.28483753403853,1.671993064906219],[22.37243903967341,1.710682410266664],[22.357628299988466,1.784307776520249],[22.420995496961208,1.809141132104532],[22.43541347972919,1.871814048757504],[22.48032744011809,1.888923148239458],[22.491131399886743,1.913153076078519],[22.475334239951255,1.982060128455995],[22.367981159957434,2.064355011741188],[22.3544801783298,2.162040017849126],[22.622929919583953,2.096960064643246],[22.680869778579336,2.049960282369384],[22.69354807678161,2.069368985722194],[22.780079999730184,2.017730006786536],[22.80192034127931,2.034431981439397],[22.826660040323716,2.027930030284233],[22.888580039695597,2.069049892789323],[22.897739880373397,2.102930034045349],[22.92387984004502,2.091150012232645],[22.9488591449285,2.117988883098365],[22.934069999844652,2.142509982946981],[22.974210000200035,2.158419947003046],[22.97814984035625,2.186050043757558],[23.004519938522208,2.175170231814552],[23.020940160057282,2.218989974428292],[23.10492923989744,2.171663143131668],[23.187963239910662,2.093029123382853],[23.232755880125463,2.086013020446764],[23.271167159853114,2.106117994227245],[23.31256319991011,2.089857165251117],[23.326471403127403,2.1410312125876],[23.313419280002826,2.258988065946173],[23.32906140150006,2.282090946025182],[23.48491319956674,2.184985105884274],[23.579769220958447,2.193119172837317],[23.561203679692746,2.360018234373002],[23.57258256034494,2.396248575257309],[23.611669199791404,2.25427198842223]]],"type":"Polygon"},"properties":{"admin_level":"ADM1","id":"cod-adm1-cd51","name":"Tshopo","source_code":"CD51","source_feature_id":"CD51","source_id":"ocha-rgc-cod-adm1-2017","source_name":"Tshopo"},"type":"Feature"},{"geometry":{"coordinates":[[[25.536892307378135,5.382847046501866],[25.581451820403693,5.375165995472892],[25.597156799716323,5.3455310014836],[25.62263144822387,5.347452078525401],[25.601820593058342,5.322762906837873],[25.623861586800903,5.321452920751322],[25.63057555481023,5.303523970196476],[25.658731539693605,5.32800393220754],[25.660867715472943,5.306148988151698],[25.708870410795395,5.297090932084509],[25.74922131132494,5.236690012769554],[25.783378200409725,5.251519123232696],[25.770029399679412,5.26367612135999],[25.792493252884075,5.272716997724894],[25.790073334340775,5.237730048101422],[25.820118170839482,5.245872967449436],[25.808961425590716,5.21523397697794],[25.83589730428218,5.186774947787891],[25.861969283944656,5.219758062488857],[25.96395348023498,5.191736011389861],[25.966621439797866,5.223041123048697],[25.98516449533372,5.239658898410354],[25.992562941860292,5.220118975410209],[26.00929391490667,5.228447883971916],[26.010957110620918,5.208200903769868],[26.053631799178568,5.213376901313522],[26.06791535984411,5.194083127840329],[26.076816359955917,5.213206138095396],[26.09955200114477,5.208202524824724],[26.092819439805687,5.237872094340901],[26.116708379478784,5.229878066126791],[26.136359808751504,5.263985560937289],[26.160931792332352,5.258523923943568],[26.160080732025445,5.232057984114898],[26.186911843798555,5.241557953807908],[26.19064728039675,5.21763511367345],[26.208039843785258,5.237008004877043],[26.221226615387774,5.19400493898044],[26.237487019447304,5.20854144587438],[26.243290272726643,5.183472182598669],[26.253808712863734,5.19799503315136],[26.254561468732472,5.171531873366799],[26.285550568443735,5.169302953390537],[26.303288450515687,5.140807903154412],[26.315881011710584,5.153263563206414],[26.327169346673738,5.136259222886824],[26.351222317819367,5.155414064704358],[26.3909403507397,5.147447900341933],[26.399491410335965,5.12123193483397],[26.414153459078445,5.132999984809077],[26.424065316311538,5.112999964110244],[26.44104636955321,5.113955794400733],[26.44086539765105,5.09117294329848],[26.458987038215735,5.095124019164834],[26.455838122446334,5.065658905981723],[26.484761674620856,5.061575759824867],[26.488005129090727,5.04639389585282],[26.499688432623064,5.055853788506901],[26.52679440012702,5.044173107119101],[26.541656952840917,5.067906691408854],[26.540327159657846,5.046502102918261],[26.55724700618765,5.076453925095088],[26.574484320033854,5.06337014365163],[26.575138439986063,5.080862096730261],[26.596492200078412,5.073770084092414],[26.61941094038002,5.088081108390908],[26.62887018505045,5.063475222090974],[26.640982635353534,5.088580739968842],[26.669691359919454,5.077360082364391],[26.681358240451722,5.096253999837764],[26.749956631852744,5.103510455654952],[26.772450340565904,5.101707465964143],[26.808111290608988,5.049067899755388],[26.831501889878204,5.059232384514679],[26.872163476342024,5.033753472250462],[26.935108200128216,5.134194155860352],[26.970192359893662,5.152197151087908],[26.987482439881305,5.095483533876742],[26.936447759795062,5.081521818441219],[26.92933639596866,5.010829126490229],[26.966076195718504,4.994774975119852],[26.95038372005634,4.975831041444955],[26.982278639577576,4.937594050916737],[26.99884224031688,4.864197792007104],[27.04684247964534,4.838386984778654],[27.035433472193457,4.797172314225898],[26.977411572758125,4.784890603728149],[27.027786239943904,4.693128089494031],[26.97672244905252,4.635971942024664],[26.968315320226033,4.584862055984056],[26.98050744031503,4.562092009621088],[26.959947508862875,4.510042064586341],[27.040212409791963,4.507397050036396],[27.188434439756527,4.444523089471089],[27.27278748011889,4.470632070753418],[27.29401488048839,4.462205649184981],[27.26690651987253,4.417802580726439],[27.26547083957196,4.366384087798981],[27.240890400149333,4.311722271106882],[27.24052427648395,4.224761258546935],[27.22792032015967,4.221754150776096],[27.191192399731147,4.078995108437649],[27.22102919988474,4.047495132877909],[27.227085479833523,3.96785707507728],[27.27737820000411,3.879292075154192],[27.254490518055118,3.856707876347667],[27.28795999113168,3.844085066855015],[27.329043899865066,3.781287986722581],[27.34238816589983,3.731582002334991],[27.3216444607001,3.654689393889389],[27.36726551020196,3.623298547354445],[27.37404417038646,3.548471909448193],[27.280310394516263,3.412995416775804],[27.286078061035617,3.37266161214699],[27.24349803514597,3.29669902968091],[27.246380550127974,3.277488073079252],[27.28339930102806,3.27880411700144],[27.30034896713375,3.227211947660585],[27.326893064478632,3.240129855432067],[27.33286722493572,3.221723362904556],[27.364662856363566,3.249376052687214],[27.391456770697395,3.245949985907921],[27.382969920880996,3.261824066867752],[27.395323616448593,3.271273326860995],[27.420987181558733,3.252883162186103],[27.421874008288672,3.282806960923264],[27.457133096989406,3.286522055471074],[27.46238019968309,3.306551999607204],[27.476374580082236,3.278021999847985],[27.50589458216437,3.298992987462252],[27.528803472438902,3.287273260930917],[27.580776781504277,3.293758954407095],[27.592435930236924,3.317704491891435],[27.65770974839958,3.302788758846816],[27.660897580085404,3.185958573656638],[27.64673771294293,3.142105030567279],[27.66009837862151,3.102595272925654],[27.647802230927667,3.077876438500553],[27.705703491111898,3.079812377251602],[27.673548322466317,3.013243643702388],[27.578505120017176,2.984874213905536],[27.545769524713684,2.989682190321804],[27.551976563526715,2.958385619793591],[27.660914132442823,2.912805040142742],[27.644383308533314,2.867540930438467],[27.602630189947547,2.859591151160198],[27.60460241779761,2.818817873000844],[27.536673341351865,2.85059602109446],[27.518224433749378,2.816384995802554],[27.499715763925984,2.815247312617687],[27.504035041678463,2.78881436368958],[27.373131558414602,2.736293757259326],[27.327434647983655,2.753807667011816],[27.24677558966406,2.843936070752691],[27.139580830552557,2.910317724265318],[27.09765754500081,2.773096021554106],[27.045187210665148,2.722441241064663],[27.00009831145952,2.721734812017729],[27.003929069190825,2.702977556355207],[26.978539737279043,2.70388599171998],[26.95798480944302,2.679001001015976],[26.96237464716611,2.651392060393017],[26.933333820829546,2.640532094864298],[26.893236030512778,2.534842209386289],[27.013798463060386,2.535254987941027],[27.033200925150446,2.5656579303443],[27.135451862689667,2.575461974050363],[27.166970467158613,2.440653054458653],[27.164261468061962,2.413958025818564],[27.13704990269804,2.406788893549561],[27.19110269396686,2.3518620558717],[27.177916620355326,2.28995003513652],[27.126095725749256,2.219706026768856],[27.11404977054008,2.16539211851602],[27.055800719508763,2.122058045528982],[27.059309276700464,2.062479997175625],[27.03544920798228,1.967659986940733],[27.044041803880674,1.941191297196292],[26.98402882904227,1.955160429649213],[26.942118916710182,1.998119948979869],[26.92939875521904,2.091960735491501],[26.8817091578074,2.170109920235932],[26.868899010277644,2.173089243089215],[26.859283332085337,2.146015191363784],[26.826247234149626,2.149967609633445],[26.809123077486536,2.12738407641978],[26.77500162514308,2.156317752657678],[26.763751272746802,2.193813802994467],[26.719054418992407,2.17404336484906],[26.642202022893237,2.102502076565828],[26.626348127161037,2.096715556216061],[26.622144273041112,2.120434003151694],[26.602646324527917,2.116283207493413],[26.599872884784347,2.06771324689996],[26.58429430921199,2.053249879883873],[26.49561430690824,2.051273346501988],[26.475212753830547,2.115724333666784],[26.424849489859028,2.065298987850813],[26.35618491238449,2.06851602555205],[26.32409596215172,2.120944977854196],[26.31689776627165,2.364362085870767],[26.217685311010715,2.341578027036852],[26.193056004134952,2.312526072413148],[26.153681013567113,2.327615144094628],[26.105075986168586,2.284005141741401],[25.990534081519748,2.270129015951741],[25.958243903273466,2.20285606930356],[25.91612211429844,2.218844990351052],[25.894065638990263,2.255479862651616],[25.820460775712423,2.264377483977109],[25.807021259511455,2.278313603695582],[25.659799425462328,2.178494964033595],[25.606994312376465,2.167692082390578],[25.527502317426237,2.173955127524335],[25.488769140789564,2.199826077470388],[25.436405045710963,2.199192135941756],[25.353235332716217,2.244234129887402],[25.33323117725222,2.274995979168037],[25.211439239439837,2.308155030080189],[25.171707146987032,2.291442076487314],[25.098835204776414,2.208797081703695],[25.0590873603651,2.25673403210696],[25.046547479971718,2.247253041660028],[25.012628279721202,2.265528992456772],[24.95255327980571,2.247115090016699],[24.950884319602288,2.264366143121104],[24.925947450234492,2.266337049702178],[24.8970092402495,2.239990032993623],[24.86664715652171,2.282664120098417],[24.861630960381916,2.26418713289359],[24.844534920088908,2.263382304094106],[24.457545719967584,2.28256335675416],[24.364686600451883,2.239681891707828],[24.336997920077632,2.274886500506365],[24.31036547971276,2.280847106714175],[24.2732084403612,2.259951737473035],[24.215266800006606,2.26019702239944],[24.17224752040093,2.22002841341235],[24.059805479830988,2.210562851022745],[24.06084299984819,2.176055663160107],[24.0856815602862,2.154313382345749],[23.974891199926912,2.111965993659739],[23.960209319976208,2.077379103655718],[23.919962269185085,2.078090108867451],[23.876276400112694,2.124334990299956],[23.773830479647813,2.125167991287631],[23.664863519652197,2.188763983698311],[23.59395841360337,2.191128264750935],[23.611669199791404,2.25427198842223],[23.566858560033225,2.416155636258961],[23.45192135982846,2.511081105238851],[23.427261360214402,2.502884093371278],[23.35941476617971,2.565077192036655],[23.342680080396235,2.492720042432469],[23.315919840309167,2.491869972997854],[23.314529879765,2.456420113737492],[23.293749959882884,2.450319999782443],[23.27417992785636,2.47021903994054],[23.297931359713992,2.477496145042538],[23.256559440320697,2.509924049134062],[23.047235999888578,2.574493462083806],[22.878977399651326,2.757367577433776],[22.884903360103518,2.794769172802532],[22.905816120154885,2.809885257551096],[22.932444599847685,2.802755046881357],[22.948569360095927,2.774616846302855],[22.95406007960646,2.852955584904763],[23.059734438302964,3.033440935763808],[23.01972515988944,3.07138941941361],[22.9912700396097,3.053381307269175],[22.965860159634143,3.077465242976911],[22.92183467977364,3.080575489516279],[22.891659479760914,3.067837674217362],[22.857884280348785,3.020027879206871],[22.827750480094263,3.018985792721688],[22.788424439624592,3.040204560380181],[22.781702160402254,3.10572959887447],[22.759747919661617,3.123950966021202],[22.72612319973767,3.11883011912255],[22.65960744003349,3.15244458259074],[22.577358960142345,3.16097975499629],[22.588514279764752,3.202452668879598],[22.651378919641633,3.283764964991585],[22.648582439907674,3.312431463274027],[22.615918549926793,3.33332979158915],[22.616624870081868,3.369291444432826],[22.681497590470176,3.445039595302668],[22.806907190357098,3.517023028913654],[22.841803070425495,3.554009638542351],[23.036809680187233,3.599424387866511],[23.056675200450073,3.63255920398964],[23.091226200212912,3.639328473092298],[23.12328275989147,3.696200520684115],[23.246414279828564,3.77140107937564],[23.2430500801064,3.792322867586809],[23.285246399605576,3.77768443071019],[23.351834879728656,3.712816897539555],[23.407284240447186,3.688339064517523],[23.505224400093173,3.747834008323874],[23.530493160127495,3.776523042051053],[23.53307147321494,3.806232063728091],[23.529110157933513,3.818630207400339],[23.482620000072394,3.813079958164697],[23.402310121395335,3.833329940248182],[23.393061176824506,3.807952264918308],[23.3697458114603,3.797691928223775],[23.324159879797868,3.835400120470411],[23.268930120335384,3.836679933392867],[23.22638243738923,3.862902013141086],[23.154519959911166,3.847720014427181],[23.153649840048878,3.877639928309185],[23.077259999964244,3.854840046979012],[23.021539920256732,3.860019946930287],[22.9900600798889,3.838180029021678],[22.969299959774006,3.859679908747376],[22.901410080417342,3.834620039125354],[22.844180159990977,3.861639941253308],[22.81397003976825,3.855920049613003],[22.78214640695465,3.88562999788545],[22.783853160180424,3.904747086129437],[22.800537359746595,3.911533087313406],[22.80958018587548,3.965228041840623],[22.837045213591743,3.987149295876053],[22.786831440063267,4.033790146338977],[22.76007983997258,4.030215183161848],[22.74749928026987,4.073663971888195],[22.714349760148075,4.102682141630654],[22.694102279819724,4.084046845777624],[22.667610239845537,4.123249792294028],[22.648459679734195,4.113733894040577],[22.546883519805494,4.136264757201836],[22.49892860856794,4.11436018528264],[22.44522166778521,4.124340651939396],[22.550439959896813,4.215410078614099],[22.544449919920435,4.261540003926876],[22.569249959700777,4.320869992927824],[22.62192011977982,4.358070041149429],[22.620039839888957,4.377639933577527],[22.585889880408285,4.401490021492351],[22.59920988025229,4.471739966224913],[22.627159785321265,4.484689953122755],[22.662729940841942,4.480619951621827],[22.681029817938796,4.461740092335713],[22.69897991981008,4.471720021476195],[22.732779960334778,4.551699951501097],[22.738979879999178,4.619180027299815],[22.790509919879163,4.714530031561813],[22.824592397915712,4.734884169487469],[22.85974296024864,4.703093245511893],[22.904349839642485,4.759979995976808],[22.88909015970778,4.779680120177821],[22.89781367068577,4.809493391657599],[22.941320040194743,4.815399946500675],[22.974784835743584,4.846968746754635],[23.032264482429024,4.765848165700134],[23.11334978596101,4.707910063643554],[23.1594300003372,4.73612007582184],[23.188296371150614,4.735768569442128],[23.23279740025791,4.689637484760734],[23.269196991839994,4.681321808999511],[23.32299213909879,4.622246658467073],[23.38337492428853,4.61889690333005],[23.429699999648214,4.597019912651057],[23.430089880159603,4.647889981791445],[23.45731992027567,4.66953007506487],[23.50068012041316,4.673269915237448],[23.58881995495678,4.728209968240006],[23.64294996001755,4.728280038686909],[23.70914999962862,4.782350030630154],[23.780279880331214,4.783550104486818],[23.8334898847769,4.829399953791399],[23.85622008037848,4.810769938473567],[23.905074157604705,4.837608818926737],[23.95886003963967,4.808229984707758],[23.957650440143308,4.863235878532848],[23.972165601760427,4.881387833874101],[24.040872359629137,4.875857033146094],[24.105381212920005,4.913466059473678],[24.168779279599168,4.898590050958857],[24.236322394883093,4.959544014538532],[24.252013935399077,4.956072971523874],[24.252803774621064,4.934903012219064],[24.280069234410448,4.939239139330614],[24.273475114236447,4.978269981900175],[24.299051312795307,5.003939022582012],[24.373938687329595,5.008278080072351],[24.411044373589583,5.031783478082413],[24.402775225990734,5.051375133988266],[24.368850268437587,5.046183081149257],[24.35730038897948,5.059910037387437],[24.39581821878129,5.112595115122041],[24.435952600174563,5.059399988995953],[24.44858738218781,5.06953702365959],[24.43882238333404,5.097109009750379],[24.467242703777956,5.104603017453086],[24.534362503255622,5.080511110330236],[24.565310603857327,5.036230048617917],[24.613999132356486,5.030000005895545],[24.632999198606562,4.975000070347339],[24.673909645353554,4.969499678354364],[24.661999338447252,4.916999852188384],[24.720912578646843,4.923901095269246],[24.734754360432053,4.90623704141294],[24.77735664028623,4.923216930029016],[24.7916502000992,4.906936086494189],[24.822948146893346,4.939287039209957],[24.878481425530765,4.93767214597894],[24.890773495771548,4.961657011739742],[24.933681360027517,4.961138114124325],[24.953314319938013,4.986302060715889],[24.98334497922486,4.993096063475804],[25.088419440279697,4.937803054000997],[25.110254160171753,4.98828816042478],[25.15415934034436,5.028268058766665],[25.19119440015842,5.003779057477305],[25.20169847084421,5.017396139826308],[25.327354319611775,5.04316111474997],[25.35520751205727,5.149122057803527],[25.332231240051584,5.156406139814585],[25.320646452959867,5.187434179322079],[25.35725232018906,5.286285990728528],[25.38429048016041,5.299957065626226],[25.367708160327254,5.315548115259464],[25.39500047974365,5.322315082934598],[25.404112653117505,5.342595690164964],[25.42920840032308,5.320590060417643],[25.486904156513052,5.365885112624558],[25.511308784854773,5.343874057579285],[25.547544360235648,5.354577102088495],[25.536892307378135,5.382847046501866]]],"type":"Polygon"},"properties":{"admin_level":"ADM1","id":"cod-adm1-cd52","name":"Bas-Uele","source_code":"CD52","source_feature_id":"CD52","source_id":"ocha-rgc-cod-adm1-2017","source_name":"Bas-Uele"},"type":"Feature"},{"geometry":{"coordinates":[[[27.231818096702728,5.152314862836523],[27.438217187610082,5.07083075990964],[27.440330371009704,5.02043074483082],[27.464462146863674,4.97948579910212],[27.49111103088981,4.943606755104604],[27.527318598596747,4.934425164206456],[27.566877018857376,4.873324974307219],[27.589836636097708,4.860598818984537],[27.676630987483517,4.874993501975864],[27.699509056560636,4.845481823826584],[27.710853670078016,4.773598783657936],[27.78177224816115,4.769682573268313],[27.791033547262092,4.68501335459657],[27.763629754105473,4.646195763362406],[27.797157455978727,4.570255763084365],[27.876292967084854,4.539216742003842],[27.94417056287831,4.556960485077028],[28.014574339828346,4.546162740838433],[28.038904065743353,4.466987695511748],[28.085733307979854,4.435036614085767],[28.13995762536566,4.434055512466855],[28.20011323560319,4.34615672991613],[28.255367841568127,4.327969792234399],[28.35899927410337,4.336241742771671],[28.414470915735873,4.282824641635887],[28.480390200379627,4.303209745311062],[28.523922479996312,4.371610576782829],[28.582288920174033,4.378159629441535],[28.60359516028616,4.415811418503815],[28.67918543958079,4.436854464413902],[28.719015119616184,4.538579769671717],[28.786982268460346,4.571278058978703],[28.821123786472295,4.540642509956567],[28.81836295727868,4.497669608121337],[28.830311610569513,4.489304947920097],[28.88392086315835,4.494329539524888],[28.937600355917606,4.478924741685501],[29.0346817117789,4.488935843727191],[29.093819389764008,4.449512186600542],[29.094504815105594,4.426075692038821],[29.139186477450213,4.427459823508628],[29.199041582360575,4.356179500323619],[29.240754120451694,4.359956591566784],[29.27337906577008,4.397351344270188],[29.310343560223643,4.392096209148619],[29.41298208038375,4.507304731026538],[29.47515983964835,4.607909276422625],[29.475528480393166,4.667393759221963],[29.494528199893555,4.684894544227716],[29.65009001190508,4.665701075593376],[29.73314048342734,4.605354672312881],[29.789687758797932,4.602387280588093],[29.840767036644774,4.568910332099129],[29.815114146215183,4.514952221991686],[29.81023867565622,4.387521389742933],[29.864565453984994,4.351799998351088],[29.914703332448394,4.355752092966652],[29.979133300182607,4.307770346467132],[29.969803650068354,4.232994807631658],[30.017027680312623,4.209863711900334],[30.057218464227613,4.139366003126533],[30.16906733823227,4.107316021274154],[30.18012465794539,4.092267714757677],[30.173331904092397,4.030351313237505],[30.207343344254575,3.961563500501708],[30.20222997824881,3.927399822028675],[30.266104743119982,3.956637261132056],[30.379038500815202,3.895164754996685],[30.40382975866532,3.866200658513454],[30.430279156511254,3.87098272141619],[30.4529824367903,3.831148648498218],[30.526088992901954,3.848584179166766],[30.55567678814364,3.827379807379031],[30.579824996879115,3.701537247529411],[30.563312494109805,3.672566070396712],[30.565428500914376,3.624275170136762],[30.54099240009668,3.594905050781855],[30.372244200063275,3.540275132379777],[30.384810719996416,3.477093427033351],[30.423134433746807,3.432702113608306],[30.40088227752196,3.392428188280581],[30.36680622872791,3.407469047309602],[30.368149560420633,3.357103343962514],[30.336988346195884,3.304764114453831],[30.359111400141337,3.229548985294998],[30.23414028052101,3.088145901974232],[30.13961832012558,3.02535402318229],[30.175068230755585,2.94707818962166],[30.206251440230098,2.922813998528336],[30.18871259967229,2.904568337760347],[30.129938280338102,2.906263570287517],[30.11187815999733,2.881998174870928],[30.210651357050654,2.876855929178052],[30.21369948004856,2.824535453202563],[30.160453680433772,2.817720175997489],[30.1486237197448,2.802401136257717],[30.185585639626744,2.76809290840688],[30.179250360018706,2.737144577584493],[30.208627079914702,2.669317829981134],[30.21326784045287,2.604517454569419],[30.184708319767456,2.584316570790393],[30.187056959687897,2.55584288584967],[30.144401470822775,2.511534177115898],[30.125604252248685,2.36987609007678],[30.057188378750457,2.368871053091721],[30.02725645149983,2.282976202857238],[29.997825407783658,2.279365086464785],[29.966647849610624,2.244691673350002],[29.946800249839384,2.267513024784777],[29.914388404669356,2.186592116953806],[29.870603249300203,2.183695876078059],[29.851430722685194,2.148301323585517],[29.86903241387186,2.146653113836979],[29.871266355100207,2.119730843863759],[29.903486175496788,2.109538982044705],[29.897205261929756,2.056177001719647],[29.868673156030194,2.080392753006227],[29.808788278256362,2.091557038187186],[29.717046696191755,2.189516956993598],[29.613320639616088,2.189354173433834],[29.607410880280018,2.283662620041374],[29.64548015970091,2.270717771057937],[29.66510412028888,2.286216818610919],[29.641210200355843,2.324610458433275],[29.64999021177194,2.425257241280237],[29.63157230682658,2.491332229660828],[29.54899223989946,2.492855088007947],[29.410265200367096,2.423580168229267],[29.327905439873543,2.413805159459931],[29.27236031964402,2.44356513024],[29.22924555810679,2.543720944724187],[29.20298624377494,2.52945520754098],[29.204259201448323,2.455740160440689],[29.17517461637765,2.401307526982981],[29.127152606378264,2.456824518964401],[29.09375183735298,2.45202591047644],[29.09554635059209,2.425793610197044],[29.072051093100665,2.437247743201732],[29.039922564893143,2.421811470303239],[29.031668963538596,2.394835619910158],[29.01911025984673,2.418779974960485],[28.99027982793289,2.406613200613481],[28.969712152104655,2.42918110844738],[29.000514112080992,2.343554028278695],[28.9687804033223,2.270472165333967],[28.79897113303822,2.30745050620318],[28.75301420884153,2.303726384962403],[28.709349796029713,2.33619864910046],[28.77697837972472,2.226629111263619],[28.76483016030364,2.18177163068221],[28.7387896037098,2.204959074343233],[28.63611550577285,2.241444098339632],[28.58058059489654,2.333969779515253],[28.399566392833588,2.251626062502853],[28.37886864544379,2.296384747973474],[28.313896943287606,2.33612528518524],[28.298553684098856,1.874111486280457],[28.288949973262746,1.854270804665603],[28.19062470495619,1.795984831393559],[28.209203454151513,1.683022412342885],[27.981725370847773,1.755722500336553],[27.94129799853472,1.748529893423653],[27.938223602509737,1.72112507919056],[27.900855166215617,1.794162112517462],[27.878264233737596,1.778740797894083],[27.847210309798783,1.827695695785301],[27.782721781789512,1.828843734774369],[27.75002193853603,1.856418770379791],[27.71653693358822,1.845845534716222],[27.682251156921414,1.808293403751858],[27.578353234665567,1.844582399442708],[27.55332605766226,1.773355871944563],[27.64310024750795,1.654470005625462],[27.64153913634259,1.571647720838575],[27.715605472266734,1.608961519115647],[27.75621926566251,1.611962015737027],[27.806561311427053,1.544505140497932],[27.796764641569617,1.489944105990309],[27.750848491005357,1.473591976601832],[27.77348533817419,1.443248183473127],[27.650460725840734,1.477929054507839],[27.618251018677608,1.45336651491814],[27.583902263821194,1.461891296887243],[27.580816708025402,1.529828098980453],[27.504692822265476,1.570246011969799],[27.446989654076088,1.554600167347824],[27.419458978377175,1.573849819890339],[27.375589532288274,1.565070154942504],[27.35133895962788,1.592409900172824],[27.29491907075446,1.577860030948402],[27.19474080888378,1.603437850015953],[27.215808711577996,1.614799941475554],[27.21441014517337,1.63112956919966],[27.285258775936942,1.632590080682136],[27.306168639819834,1.72829996958563],[27.37192618459332,1.79024308638203],[27.3526730413681,1.840370019683702],[27.365683070336782,1.858785969504544],[27.349892875938025,1.876022963873972],[27.395119525504267,1.872175383066373],[27.409797433104767,1.885159570621028],[27.357008159113995,1.962547446218031],[27.357187079264087,1.995518967781077],[27.32698886621042,2.029025137213061],[27.29411765135016,2.023771176483358],[27.26669107691792,2.047192420249619],[27.22878706594976,2.023812112198454],[27.246236972396122,1.961717062199462],[27.224732029434726,1.958429021659223],[27.21017884752152,1.911294122596094],[27.142991391428257,1.896028015226336],[27.04785452433939,1.923965906643764],[27.03544920798228,1.967659986940733],[27.059309276700464,2.062479997175625],[27.055800719508763,2.122058045528982],[27.11404977054008,2.16539211851602],[27.126095725749256,2.219706026768856],[27.177916620355326,2.28995003513652],[27.19110269396686,2.3518620558717],[27.13704990269804,2.406788893549561],[27.164261468061962,2.413958025818564],[27.166970467158613,2.440653054458653],[27.135451862689667,2.575461974050363],[27.033200925150446,2.5656579303443],[27.013798463060386,2.535254987941027],[26.919555053166597,2.528900144864288],[26.893236030512778,2.534842209386289],[26.910079629837913,2.588717107212625],[26.934968579475175,2.618902075898173],[26.933333820829546,2.640532094864298],[26.96237464716611,2.651392060393017],[26.95798480944302,2.679001001015976],[26.975567561448546,2.701350977188053],[26.994795878832548,2.696086415325969],[27.01053290644126,2.725879586991657],[27.045187210665148,2.722441241064663],[27.09765754500081,2.773096021554106],[27.139580830552557,2.910317724265318],[27.24677558966406,2.843936070752691],[27.327434647983655,2.753807667011816],[27.373131558414602,2.736293757259326],[27.504035041678463,2.78881436368958],[27.499715763925984,2.815247312617687],[27.518224433749378,2.816384995802554],[27.536673341351865,2.85059602109446],[27.60460241779761,2.818817873000844],[27.602630189947547,2.859591151160198],[27.644383308533314,2.867540930438467],[27.660914132442823,2.912805040142742],[27.551976563526715,2.958385619793591],[27.545769524713684,2.989682190321804],[27.578505120017176,2.984874213905536],[27.673548322466317,3.013243643702388],[27.705703491111898,3.079812377251602],[27.647802230927667,3.077876438500553],[27.66009837862151,3.102595272925654],[27.64673771294293,3.142105030567279],[27.660897580085404,3.185958573656638],[27.65770974839958,3.302788758846816],[27.592435930236924,3.317704491891435],[27.580776781504277,3.293758954407095],[27.528803472438902,3.287273260930917],[27.50589458216437,3.298992987462252],[27.476374580082236,3.278021999847985],[27.46238019968309,3.306551999607204],[27.457133096989406,3.286522055471074],[27.421874008288672,3.282806960923264],[27.420987181558733,3.252883162186103],[27.395323616448593,3.271273326860995],[27.382969920880996,3.261824066867752],[27.391456770697395,3.245949985907921],[27.364662856363566,3.249376052687214],[27.33286722493572,3.221723362904556],[27.326893064478632,3.240129855432067],[27.30034896713375,3.227211947660585],[27.28339930102806,3.27880411700144],[27.246380550127974,3.277488073079252],[27.24349803514597,3.29669902968091],[27.286078061035617,3.37266161214699],[27.280310394516263,3.412995416775804],[27.37404417038646,3.548471909448193],[27.36726551020196,3.623298547354445],[27.3216444607001,3.654689393889389],[27.34238816589983,3.731582002334991],[27.329043899865066,3.781287986722581],[27.28795999113168,3.844085066855015],[27.254490518055118,3.856707876347667],[27.27737820000411,3.879292075154192],[27.227085479833523,3.96785707507728],[27.22102919988474,4.047495132877909],[27.191192399731147,4.078995108437649],[27.22792032015967,4.221754150776096],[27.24052427648395,4.224761258546935],[27.240890400149333,4.311722271106882],[27.26547083957196,4.366384087798981],[27.26690651987253,4.417802580726439],[27.29470391975237,4.459469831683309],[27.27278748011889,4.470632070753418],[27.188434439756527,4.444523089471089],[27.040212409791963,4.507397050036396],[26.959947508862875,4.510042064586341],[26.98050744031503,4.562092009621088],[26.968315320226033,4.584862055984056],[26.97672244905252,4.635971942024664],[27.027786239943904,4.693128089494031],[26.977411572758125,4.784890603728149],[27.035433472193457,4.797172314225898],[27.04684247964534,4.838386984778654],[26.99884224031688,4.864197792007104],[26.982278639577576,4.937594050916737],[26.95038372005634,4.975831041444955],[26.966076195718504,4.994774975119852],[26.92933639596866,5.010829126490229],[26.928898559794124,5.024914455684096],[26.936447759795062,5.081521818441219],[26.987482439881305,5.095483533876742],[26.970192359893662,5.152197151087908],[27.07867223986748,5.204131100725374],[27.157397361924247,5.199631822575088],[27.231818096702728,5.152314862836523]]],"type":"Polygon"},"properties":{"admin_level":"ADM1","id":"cod-adm1-cd53","name":"Haut-Uele","source_code":"CD53","source_feature_id":"CD53","source_id":"ocha-rgc-cod-adm1-2017","source_name":"Haut-Uele"},"type":"Feature"},{"geometry":{"coordinates":[[[31.30494017235093,2.118999216354669],[31.244941940663022,2.016999271560968],[31.03494781893808,1.758999418138062],[30.70095613217189,1.495999571158554],[30.632497675834248,1.411027607456763],[30.51084328985479,1.208097681861023],[30.389144236046125,1.190869698542556],[30.362962721207797,1.200460781411868],[30.332640147182854,1.151867845750413],[30.320015553861523,1.1570137291802],[30.271066564235632,1.119473833205517],[30.243844950316976,1.080566801128375],[30.224449218405045,0.994872800652001],[30.144571386260463,0.885314590554837],[30.1164342327604,0.895825784009821],[30.04450063116975,0.871448846626339],[29.920257459543247,0.799150013180485],[29.860179453864838,0.897422990789453],[29.861204373213514,0.954199083188723],[29.807759969564103,0.910542547675881],[29.756142558641287,0.907957602661025],[29.726783540047897,0.865505043925212],[29.695989222039742,0.868326471469148],[29.659118275444882,0.907676460008461],[29.627351690143417,0.881616975206422],[29.623192614345474,0.853455628623117],[29.55978480364046,0.874837359039855],[29.522909310672,0.861171289423819],[29.53685843215048,0.788718135090023],[29.494569057069306,0.801024442999428],[29.48610870396056,0.842017989171561],[29.4580511016688,0.86021850676286],[29.40456034854401,0.809965546843035],[29.369724695125512,0.822106779416432],[29.370090093850443,0.747001962413713],[29.347005132881943,0.709791565768677],[29.43190594434497,0.651330737323186],[29.4695139963596,0.64871607363466],[29.473918588911253,0.625300283746496],[29.38125943258115,0.596320154304246],[29.328070244795605,0.628285137889945],[29.339518225656025,0.656075083987927],[29.32540840904797,0.686890061428763],[29.304352404539703,0.675575603625914],[29.280742563340546,0.617874007418532],[29.2904938673778,0.586652926863513],[29.25360400765302,0.61877566483888],[29.22215095594526,0.616936216074859],[29.176994134222696,0.648245700905392],[29.162873818105595,0.676758822469547],[29.103960806078035,0.653615573431457],[29.005480506519735,0.563420156454146],[28.900915413587246,0.587634791967515],[28.689864963818007,0.570718008870801],[28.660369111145673,0.581364642483739],[28.63165447297026,0.544856039415909],[28.55496318792069,0.519618273794815],[28.554742386515393,0.54420495755718],[28.507042833973816,0.53388527957162],[28.504997616210257,0.566745130333528],[28.446357835759557,0.629729598136789],[28.337744761680238,0.697827820682649],[28.07385183968911,0.678940936575637],[28.022734481359077,0.633430151477198],[27.93453199830755,0.748946711569237],[27.954498310443515,0.84636548060624],[28.00073514159789,0.933134551764999],[27.97424867387347,0.940254005833269],[27.94571284445704,0.920247142970885],[27.886115817442967,0.931491321283424],[27.877730860834273,0.946435708560834],[27.933337879478433,1.042770093881334],[27.875102966133067,1.050795949616913],[27.852956008017888,1.038833046150678],[27.82439952902801,1.063418990626262],[27.74081552380398,1.068436038162365],[27.739411713034805,1.121543137750829],[27.77091403823415,1.149609003539523],[27.755512707453903,1.211650185645133],[27.783545177578937,1.228841094024611],[27.765082224816997,1.25663609589014],[27.782608099092,1.301479413145177],[27.70020842465374,1.348689880913179],[27.633508588469695,1.341060004842444],[27.61270852117244,1.362429821641409],[27.59924704565436,1.341039404503509],[27.572298393817867,1.339869890831023],[27.557178409096394,1.373659921930789],[27.494308429633428,1.426040066583211],[27.47825856552369,1.492949919532126],[27.44919867244523,1.535240005124231],[27.446989654076088,1.554600167347824],[27.488702156234663,1.56785239199457],[27.551548909755905,1.55464501005395],[27.587182940883228,1.512570194260486],[27.583902263821194,1.461891296887268],[27.60778212062844,1.453552984826733],[27.650460725840766,1.477929054507877],[27.77348533817419,1.443248183473127],[27.75084849100539,1.473591976601832],[27.791284726995304,1.484192100413567],[27.80361147400271,1.504436028387269],[27.806561311427053,1.544505140497906],[27.756219265662544,1.611962015737104],[27.715605472266766,1.608961519115685],[27.64153913634259,1.571647720838651],[27.64310024750798,1.654470005625526],[27.553326057662296,1.773355871944601],[27.5850491465377,1.8472553537791],[27.682251156921414,1.80829340375182],[27.71653693358825,1.845845534716222],[27.75002193853606,1.856418770379854],[27.782721781789512,1.828843734774369],[27.847210309798783,1.827695695785301],[27.878264233737628,1.778740797894083],[27.90085516621565,1.794162112517539],[27.938223602509737,1.72112507919056],[27.94129799853472,1.748529893423729],[27.981725370847773,1.755722500336617],[28.212132924073433,1.684366248045795],[28.190704624473796,1.737806684345023],[28.19062470495622,1.795984831393623],[28.288949973262746,1.854270804665705],[28.298553684098856,1.874111486280533],[28.313896943287606,2.336125285185342],[28.37886864544379,2.296384747973537],[28.399566392833588,2.251626062502955],[28.58058059489657,2.33396977951533],[28.636115505772885,2.241444098339695],[28.738789603709833,2.204959074343296],[28.76483016030364,2.181771630682273],[28.77697837972472,2.226629111263683],[28.709349796029752,2.33619864910046],[28.75301420884157,2.303726384962403],[28.79897113303825,2.30745050620318],[28.9687804033223,2.270472165333967],[29.000514112080992,2.343554028278733],[28.969712152104687,2.429181108447444],[28.99027982793289,2.406613200613443],[29.01911025984673,2.418779974960587],[29.031668963538596,2.394835619910221],[29.039922564893143,2.421811470303303],[29.072051093100665,2.437247743201694],[29.095546350592123,2.425793610197082],[29.09375183735301,2.452025910476466],[29.127152606378264,2.456824518964465],[29.17517461637765,2.40130752698302],[29.204259201448355,2.455740160440715],[29.20298624377498,2.52945520754098],[29.22924555810679,2.543720944724289],[29.27236031964405,2.443565130240025],[29.327905439873543,2.41380515946002],[29.410265200367128,2.423580168229305],[29.54899223989946,2.492855088007985],[29.63157230682658,2.491332229660828],[29.64999021177194,2.425257241280275],[29.641210200355875,2.324610458433313],[29.665104120288913,2.286216818610919],[29.64548015970094,2.270717771058],[29.607410880280018,2.283662620041349],[29.613320639616088,2.189354173433796],[29.717046696191755,2.189516956993623],[29.8087882782564,2.091557038187186],[29.868673156030194,2.080392753006253],[29.897205261929756,2.05617700171971],[29.90348617549682,2.109538982044743],[29.87126635510024,2.119730843863759],[29.869032413871892,2.146653113837004],[29.851430722685194,2.148301323585479],[29.87060324930023,2.183695876078059],[29.91438840466939,2.186592116953908],[29.94680024983942,2.267513024784853],[29.966647849610663,2.244691673350041],[29.997825407783697,2.279365086464785],[30.02725645149983,2.282976202857301],[30.057188378750457,2.368871053091823],[30.125604252248717,2.36987609007678],[30.144401470822807,2.511534177115962],[30.187056959687897,2.555842885849772],[30.184708319767456,2.584316570790432],[30.21326784045287,2.604517454569495],[30.208627079914702,2.669317829981134],[30.179250360018706,2.737144577584468],[30.185585639626744,2.768092908406981],[30.148623719744833,2.802401136257743],[30.160453680433772,2.817720175997451],[30.21369948004856,2.824535453202627],[30.210651357050686,2.876855929178077],[30.114727200158633,2.874628110523007],[30.113165160135274,2.892327957099271],[30.129938280338102,2.906263570287619],[30.18871259967232,2.904568337760385],[30.206251440230098,2.922813998528374],[30.175068230755585,2.94707818962166],[30.13961832012562,3.02535402318229],[30.23414028052101,3.088145901974206],[30.35911140014137,3.229548985295062],[30.336988346195923,3.304764114453895],[30.368149560420665,3.357103343962475],[30.36680622872791,3.407469047309564],[30.400882277521994,3.392428188280606],[30.42313443374684,3.432702113608383],[30.384810719996448,3.477093427033377],[30.372244200063307,3.540275132379739],[30.54099240009668,3.594905050781943],[30.592000080418792,3.593999920837592],[30.66699995995923,3.636000052867931],[30.734999999719186,3.624000011045474],[30.77096611554908,3.67498980277262],[30.79895483502491,3.58999900344425],[30.861953289743127,3.562998896238941],[30.84595344742166,3.507999028731718],[30.85395351725356,3.485998909709885],[30.908976185398714,3.504994079872964],[30.928951528298267,3.495998877990441],[30.935951129126916,3.401998977562976],[30.88995253388081,3.339998938638873],[30.87069225803224,3.279882796023046],[30.83295365655226,3.263999125666119],[30.762955377324882,3.047999176464466],[30.845953129418085,2.961999066037015],[30.890388934547524,2.87135457453098],[30.86995256995594,2.800999046314014],[30.828953518779205,2.755999125818112],[30.75495541978238,2.58799924359991],[30.74795532488033,2.452999406254261],[30.75495535240873,2.436999313830399],[30.833953281139202,2.425999386058763],[30.885951789744954,2.34399920988561],[30.935000159990693,2.337999973715807],[30.944000159836726,2.393000031713981],[30.984956024506165,2.40899463511099],[31.05695127208494,2.365504807766453],[31.075946841368708,2.30299930337428],[31.123945727834343,2.268999291879933],[31.1369844651629,2.284999735204483],[31.198943469384453,2.295999106967769],[31.202943277475764,2.223999118136513],[31.30494019031724,2.156999202962386],[31.30494017235093,2.118999216354669]]],"type":"Polygon"},"properties":{"admin_level":"ADM1","id":"cod-adm1-cd54","name":"Ituri","source_code":"CD54","source_feature_id":"CD54","source_id":"ocha-rgc-cod-adm1-2017","source_name":"Ituri"},"type":"Feature"},{"geometry":{"coordinates":[[[29.86256733040023,0.950517959269274],[29.8601794538648,0.897422990789453],[29.87682941773719,0.888193984984428],[29.907030963540556,0.805102872662042],[29.92368283363795,0.79868331136125],[29.970102879787806,0.834898922194237],[29.988333286570462,0.83301990021733],[29.910808525735668,0.654378898599156],[29.958520354653945,0.615405735489261],[29.988660135891646,0.543040521925552],[29.992317311262273,0.482026968146715],[29.95950456594723,0.407350050668696],[29.88303206558511,0.385608242852844],[29.8394043354779,0.183876850019673],[29.763256841093988,0.127593074227751],[29.731008872886292,0.065071280629802],[29.76059539880848,-0.021563907384487],[29.74445395594707,-0.041125773335986],[29.758031518054402,-0.06638103918218],[29.741770916365475,-0.11024595807955],[29.746221891630192,-0.16441798762444],[29.667459355640144,-0.507750797917854],[29.665451306569786,-0.551174841016698],[29.679245952853698,-0.567169828299367],[29.649765608696423,-0.597669760162118],[29.659088401071806,-0.628165913985422],[29.626016746020525,-0.705781744216747],[29.635293114360344,-0.891938838465789],[29.58828783826079,-0.909589643138662],[29.600848795825673,-0.981174083397961],[29.587813398433354,-1.208102522764418],[29.61113856621392,-1.241020032875014],[29.600925885650085,-1.391159040893071],[29.530169913413157,-1.420867852812655],[29.45664663333278,-1.522445985329256],[29.377892207333097,-1.527895212981166],[29.33579215579133,-1.557196978183548],[29.291259247271245,-1.630507753091007],[29.261871346943213,-1.643009378772488],[29.242363361553377,-1.700123112801564],[29.16904813668265,-1.663376124511478],[29.158403241601345,-1.634026963325095],[29.137206625598314,-1.642319266110556],[29.05022677480127,-1.583672814419657],[29.021518578444777,-1.620542561403696],[29.032987579882874,-1.629477437819057],[29.01827061353381,-1.675341547716996],[28.969178533062966,-1.741662058188388],[28.917005539289697,-1.742238998075375],[28.862692162926617,-1.707025877191803],[28.816609444047458,-1.767496836071927],[28.749476804051113,-1.781854616137098],[28.716095571586603,-1.780177718134875],[28.6676765502491,-1.739758070139936],[28.668870925996355,-1.79392051723429],[28.695737838328487,-1.805971145598007],[28.700315475149917,-1.828617095633557],[28.67774795995473,-1.867712155758375],[28.640990925127845,-1.89091379475299],[28.591119539978312,-1.884481741319862],[28.566755294501878,-1.904830932887347],[28.449736019555736,-1.865128370184284],[28.450781018945975,-1.892948384177139],[28.353857040735942,-1.939922332927325],[28.377036974291276,-1.960858725829436],[28.374324741259574,-1.993216241381045],[28.32712095904178,-1.976164458058321],[28.30419688095075,-1.990509346730986],[28.171651840591192,-1.993932724272328],[28.1511631015236,-2.020040512461244],[28.167056365923166,-2.045962088844991],[28.09976295084717,-2.065770155065835],[28.100786428399807,-2.008339724790347],[28.08713416059686,-1.998684268456095],[28.011623865498457,-2.011789053511334],[27.997892036605748,-2.03244722176777],[27.984655926832854,-2.006839492026323],[27.9619737857091,-2.016275151833846],[27.949751795738546,-2.00024647498075],[27.885019166720493,-2.0014502351674],[27.838393082977095,-2.033875567340683],[27.784569522005842,-2.028763605166259],[27.739681874169953,-2.000571238662255],[27.756249060983837,-1.844750835669831],[27.7420200711752,-1.831006873724321],[27.746655067224197,-1.789369928113808],[27.720515481251734,-1.769461108593218],[27.684636110338893,-1.771659978140738],[27.653462290954074,-1.691065843307061],[27.52840521244252,-1.622065841008323],[27.449419699327603,-1.459329763413914],[27.391423495302647,-1.450051645008968],[27.34693436078802,-1.360818000222023],[27.364794309534027,-1.306742841619246],[27.326378372041656,-1.297670977609898],[27.227144235042978,-1.204889585911028],[27.25056966648735,-1.174020016894046],[27.277119622644534,-1.190259809462981],[27.338089602399492,-1.181790039978256],[27.290389615971616,-1.1293100642884],[27.266649422038206,-1.067560078137812],[27.278249698780378,-1.052589919588998],[27.274349459955108,-0.980220049221152],[27.31079944971959,-0.955050051123954],[27.38589938810796,-0.945160009301177],[27.441729611150755,-0.913500007800645],[27.51726684941943,-0.899002989762224],[27.575055789650477,-0.903400044518953],[27.638429101455326,-0.934428782604583],[27.679516681603282,-0.92991690878296],[27.70631781749368,-0.893054893942179],[27.766345934334524,-0.885712866456833],[27.780078737899352,-0.780430921604138],[27.806428927601935,-0.746789858103862],[27.805512727758835,-0.690277861897008],[27.83098379827661,-0.666289885515103],[27.830758958944156,-0.611388043348192],[27.841009074102498,-0.596021892430571],[27.90375237044916,-0.593959588721595],[27.970406703370763,-0.544694923426067],[27.97807685972808,-0.470015973399656],[27.9419759471982,-0.406539005721835],[27.951481870127406,-0.387668884361325],[28.009370567372393,-0.316937968816885],[28.073224932401807,-0.307953985670298],[28.15312858392423,-0.265371908294588],[28.091286428063263,-0.005040543055901],[28.102482012871636,0.102974090523673],[28.154028926705934,0.15098108485187],[28.137598901856133,0.183596080030488],[28.120262757159026,0.186809994983841],[28.134172784854695,0.220806045290468],[28.066177844830626,0.26972703226544],[28.059082971377876,0.376550140136383],[28.04196828205956,0.377466261692408],[28.03443415219586,0.402736077150071],[28.051773955731107,0.407564382551098],[28.047889861428143,0.427781982672447],[28.025983392195982,0.436279064146958],[28.026659959250527,0.463390073636652],[28.004065158626904,0.473954867148446],[27.92098888659134,0.491849995594481],[27.88105879736508,0.480350046713537],[27.79659890239967,0.529719949157312],[27.893061548998944,0.561698289428262],[27.95524645885317,0.621852081963029],[27.993069107609454,0.612741070964013],[28.00904036823353,0.633197198513246],[28.04281970798082,0.639638955087396],[28.07385183968911,0.678940936575599],[28.3143131085042,0.696999188341747],[28.34342706489141,0.695022756149668],[28.446357835759557,0.629729598136751],[28.504997616210222,0.566745130333528],[28.498373623459774,0.541930075381655],[28.554742386515393,0.544204957557142],[28.55496318792066,0.519618273794815],[28.631654472970226,0.544856039415871],[28.66036911114564,0.581364642483713],[28.689864963818007,0.570718008870775],[28.900915413587214,0.587634791967515],[29.005480506519735,0.563420156454121],[29.103960806078035,0.653615573431457],[29.162873818105563,0.676758822469483],[29.176994134222696,0.648245700905392],[29.22215095594526,0.616936216074821],[29.25360400765302,0.618775664838816],[29.2904938673778,0.586652926863474],[29.280742563340546,0.617874007418456],[29.30435240453967,0.675575603625837],[29.32540840904793,0.686890061428699],[29.339518225656025,0.656075083987863],[29.328070244795573,0.628285137889868],[29.38125943258115,0.59632015430422],[29.473918588911253,0.625300283746534],[29.4695139963596,0.64871607363466],[29.431905944344937,0.651330737323122],[29.34700513288191,0.709791565768651],[29.370090093850443,0.747001962413611],[29.36972469512548,0.822106779416368],[29.404560348543978,0.809965546842934],[29.45805110166877,0.86021850676286],[29.48610870396056,0.842017989171561],[29.494569057069306,0.801024442999428],[29.53685843215048,0.788718135090023],[29.522909310671967,0.861171289423819],[29.55978480364043,0.874837359039855],[29.623192614345474,0.853455628623015],[29.627351690143417,0.881616975206358],[29.659118275444882,0.907676460008487],[29.69598922203971,0.868326471469109],[29.726783540047897,0.865505043925187],[29.756142558641248,0.907957602661063],[29.807759969564103,0.910542547675881],[29.86256733040023,0.950517959269274]]],"type":"Polygon"},"properties":{"admin_level":"ADM1","id":"cod-adm1-cd61","name":"Nord-Kivu","source_code":"CD61","source_feature_id":"CD61","source_id":"ocha-rgc-cod-adm1-2017","source_name":"Nord-Kivu"},"type":"Feature"},{"geometry":{"coordinates":[[[29.050726461779767,-1.583851273268235],[29.137206625598314,-1.642319266110556],[29.158403241601345,-1.634026963325095],[29.16904813668265,-1.663376124511478],[29.242363361553377,-1.700123112801564],[29.185923566911573,-1.812372649452579],[29.166914302811282,-1.886012662447714],[29.17335020810419,-2.107062748377399],[29.148599411272773,-2.196615699873325],[29.099480107357227,-2.283932636264429],[29.06088648849153,-2.297527951405431],[29.017091287262534,-2.291078917520751],[28.96012455165486,-2.375102554921071],[28.92992456802178,-2.396221971501621],[28.937911701215285,-2.373383242976488],[28.906730260523588,-2.372465710739007],[28.88173548036271,-2.396008912834544],[28.871277650456175,-2.445707336797609],[28.89286938953863,-2.490908707023999],[28.861104377187214,-2.528971094905612],[28.89998008771338,-2.584874210168677],[28.897087706534624,-2.661015004982014],[28.968259049877474,-2.704099449495081],[28.995449610833436,-2.699534319633405],[29.040545597746664,-2.744786929734046],[29.002493073702436,-2.782405459674167],[29.006010733522917,-2.816055566883672],[29.050860898255284,-2.820644141641427],[29.069322030132145,-2.86375155666508],[29.093161306444742,-2.876106690840276],[29.09601346376003,-2.918524151879704],[29.168482012102427,-2.959816887330792],[29.16833940455107,-2.997022028644314],[29.203848755805115,-3.023234515173784],[29.236601022043644,-3.025337221151854],[29.257255390686694,-3.066171903781189],[29.246986654350817,-3.096719988485202],[29.26105729453106,-3.114782750634378],[29.228209955992725,-3.159914387346649],[29.22233926618501,-3.198665323096895],[29.241004090154256,-3.27759039809578],[29.196935482176965,-3.357247615395729],[29.23587107889153,-3.563231512877823],[29.22584925439299,-3.896404414753596],[29.231064175839915,-3.95077752375731],[29.302131360423886,-4.001251351317178],[29.37904454462001,-4.201949353410809],[29.389075534629402,-4.378332407762302],[29.352262174535877,-4.79867624643313],[29.37207572456457,-5.007911856203008],[28.80351450901304,-5.010333579097649],[28.776709446586537,-4.96596353769044],[28.754557695959342,-4.960933881760603],[28.749091062078218,-4.94367542900777],[28.768248048737092,-4.914163374163492],[28.71607734836275,-4.8199686665667],[28.689908810587035,-4.799487722732403],[28.683847977078063,-4.739567262998708],[28.65929566121203,-4.705706174232865],[28.60728804009606,-4.676608989272538],[28.552787279656304,-4.523391764126034],[28.55313755973505,-4.460062239818702],[28.493872632694995,-4.454600941322674],[28.480845324631808,-4.396711851304025],[28.402465842855303,-4.364249867858227],[28.378940223205618,-4.274408619519345],[28.358444783604348,-4.282032233035077],[28.24265947046509,-4.199636257511298],[28.198172160428832,-4.121301537581375],[28.1746471022262,-4.136288547891319],[28.185139226217025,-4.157324603988441],[28.165998582608104,-4.211914703697154],[28.117915973157988,-4.22699576315316],[28.061134286905602,-4.183541465449548],[28.017805271783182,-4.19091526674471],[28.01664064194995,-4.145836140651362],[28.03621296737536,-4.122530346155544],[27.966894812531034,-4.105019344192539],[27.942245908907356,-4.127201221276009],[27.91360550211713,-4.128728597775551],[27.860412778562576,-4.11156930903429],[27.822326399710267,-4.070361723387803],[27.837782067785447,-4.022388089443514],[27.79855127299043,-4.004012562035199],[27.63639623552692,-4.021928400980551],[27.580569214978112,-3.994932639224971],[27.477225271181567,-3.976908323389355],[27.451618605361517,-3.996593807979798],[27.386582096045792,-3.935345700343497],[27.188691699287595,-3.889308506456959],[27.085596740640053,-3.728454511215595],[27.09928709341781,-3.623461772169569],[27.12719069302884,-3.573575724120556],[27.12146261167078,-3.558363393518031],[27.134606300970596,-3.559366411977904],[27.135176732074342,-3.538780426692103],[27.116780321118732,-3.539711821148952],[27.133576369920938,-3.498900183667122],[27.119061146320053,-3.457191398930206],[27.13227613939555,-3.426738767879121],[27.115448415098122,-3.430560327921718],[27.114545231843465,-3.387208593774289],[27.091870586262427,-3.381595415625894],[27.105014274663912,-3.363704680846593],[27.09910062113112,-3.318048294436785],[27.142025580326923,-3.265303255953919],[27.110533016221435,-3.245618697691528],[27.131686512192527,-3.154357573051564],[27.111721414578767,-3.136462744377158],[27.11989759732553,-3.076731438698728],[27.05797684426709,-3.041280755315454],[27.05779755760438,-2.987701813268021],[27.02453530699926,-2.94916541785326],[27.001421608026448,-2.959008943536688],[26.979796842382576,-2.92877454707624],[26.957126571596977,-2.836788973394993],[26.91622266997513,-2.807460986786642],[26.945773616323883,-2.739745929896894],[26.942944737052542,-2.712378004695374],[26.905703832782724,-2.695617696824514],[26.904972673311704,-2.664688907363092],[26.856550346173954,-2.606950046270866],[26.870553806743995,-2.542539461236772],[26.82019990770928,-2.44654721990173],[26.81064920915305,-2.339823748774727],[26.861419528525936,-2.322821674919383],[26.851154133024597,-2.288707069314769],[26.868042001326927,-2.158908994598647],[26.91310048447536,-2.158365306328411],[26.93739135196612,-2.182252158627458],[26.93456296317493,-2.155400345008593],[26.963345978414843,-2.129050192089159],[26.98416672313332,-2.152459289439722],[26.976869955117145,-2.123885316507353],[27.056540200074227,-2.178354730373109],[27.066213764805134,-2.210538093600765],[27.115959297779973,-2.210444532121889],[27.123588817048795,-2.236578053346649],[27.140131325345184,-2.212715991459667],[27.153013567168095,-2.213839764500048],[27.15004257082555,-2.234928283838637],[27.171409978123677,-2.216469869028143],[27.17606850015162,-2.241599078344886],[27.183032516915215,-2.222710368982578],[27.196532725093416,-2.218597858511758],[27.18830900619678,-2.233493700562774],[27.202474718676804,-2.223714585691491],[27.20653904197523,-2.242675009680914],[27.22733601816964,-2.238538645566746],[27.237484942602812,-2.271342314957989],[27.255833817408515,-2.230552799642013],[27.288039121030103,-2.242130079093169],[27.353028444538918,-2.165263341827203],[27.38469114506765,-2.167126332229472],[27.452578824450185,-2.130521506564673],[27.446145268251755,-2.107206927195457],[27.472356492173148,-2.033949059195242],[27.39364181931975,-2.016894592345394],[27.380909705743793,-1.991221049628431],[27.739681874169953,-2.000571238662255],[27.784569522005842,-2.028763605166259],[27.838393082977095,-2.033875567340683],[27.885019166720493,-2.0014502351674],[27.949751795738546,-2.00024647498075],[27.9619737857091,-2.016275151833846],[27.984655926832854,-2.006839492026323],[27.997892036605748,-2.03244722176777],[28.011623865498457,-2.011789053511334],[28.08713416059686,-1.998684268456095],[28.100786428399807,-2.008339724790347],[28.09976295084717,-2.065770155065835],[28.167056365923166,-2.045962088844991],[28.1511631015236,-2.020040512461244],[28.171651840591192,-1.993932724272328],[28.30419688095075,-1.990509346730986],[28.32712095904178,-1.976164458058321],[28.374324741259574,-1.993216241381045],[28.377036974291276,-1.960858725829436],[28.353857040735942,-1.939922332927325],[28.450781018945975,-1.892948384177139],[28.449736019555736,-1.865128370184284],[28.558525274821832,-1.904640086712414],[28.605505140276957,-1.880734204998517],[28.64099311791543,-1.89091300928958],[28.67774795995473,-1.867712155758375],[28.700315475149917,-1.828617095633557],[28.695737838328487,-1.805971145598007],[28.668870925996355,-1.79392051723429],[28.6676765502491,-1.739758070139936],[28.716095571586603,-1.780177718134875],[28.749476804051113,-1.781854616137098],[28.816609444047458,-1.767496836071927],[28.862692162926617,-1.707025877191803],[28.917005539289697,-1.742238998075375],[28.969178533062966,-1.741662058188388],[29.01827061353381,-1.675341547716996],[29.032987579882874,-1.629477437819057],[29.021518578444777,-1.620542561403696],[29.050726461779767,-1.583851273268235]]],"type":"Polygon"},"properties":{"admin_level":"ADM1","id":"cod-adm1-cd62","name":"Sud-Kivu","source_code":"CD62","source_feature_id":"CD62","source_id":"ocha-rgc-cod-adm1-2017","source_name":"Sud-Kivu"},"type":"Feature"},{"geometry":{"coordinates":[[[26.077619558922834,-0.036580130337068],[26.09111938621533,-0.032131472576536],[26.078359854260263,-0.049820082976115],[26.10141001988459,-0.076480080851552],[26.140228338843894,-0.077269800880918],[26.143221873018582,-0.093329826475062],[26.194479608383144,-0.106251072309774],[26.192569932022938,-0.132289948274462],[26.226280185934943,-0.136970547338622],[26.272992302231426,-0.199500309309472],[26.301309585912264,-0.191989977617082],[26.326449858114913,-0.258679892882512],[26.430749762087352,-0.319189957445065],[26.457377639010566,-0.381828569881117],[26.55990974384381,-0.378440015534863],[26.709135911531302,-0.316052313585102],[26.7906471548485,-0.252464972040264],[26.816473206328926,-0.266865820808219],[26.840866002960045,-0.259226041383204],[26.8472131627877,-0.245433007727366],[26.82796792743196,-0.217927911711949],[26.84595809146996,-0.20571214694177],[26.88895403284458,-0.240501863231605],[26.905804800725683,-0.228976939827276],[26.956342098910483,-0.266040930029708],[27.009533165971654,-0.273931844765608],[27.070174791727357,-0.329333000102517],[27.07284491173853,-0.38007886485506],[27.11782781333388,-0.387987974679589],[27.135745840857957,-0.423761985627343],[27.193103960756833,-0.446558925384802],[27.300391851807085,-0.452661997171611],[27.344522078822976,-0.476179942803085],[27.358583102538095,-0.51564079343288],[27.419755473624903,-0.516591001600455],[27.488135272577953,-0.490869920792942],[27.498545385773227,-0.528502882316006],[27.5191356326713,-0.541526664379778],[27.559510320589588,-0.534497122783571],[27.601426479806154,-0.572941988058309],[27.66046463972915,-0.59542138420028],[27.841009074102498,-0.596021892430571],[27.82442388055873,-0.625194865044772],[27.83098379827661,-0.666289885515103],[27.804389889349242,-0.694876010532319],[27.806428927601935,-0.746789858103862],[27.780078737899352,-0.780430921604138],[27.766345934334524,-0.885712866456833],[27.70631781749368,-0.893054893942179],[27.679516681603282,-0.92991690878296],[27.638429101455326,-0.934428782604583],[27.575055789650477,-0.903400044518953],[27.51726684941943,-0.899002989762224],[27.441729611150755,-0.913500007800645],[27.38589938810796,-0.945160009301177],[27.31079944971959,-0.955050051123954],[27.274349459955108,-0.980220049221152],[27.278249698780378,-1.052589919588998],[27.266649422038206,-1.067560078137812],[27.290389615971616,-1.1293100642884],[27.338089602399492,-1.181790039978256],[27.277119622644534,-1.190259809462981],[27.25056966648735,-1.174020016894046],[27.227144235042978,-1.204889585911028],[27.326378372041656,-1.297670977609898],[27.364794309534027,-1.306742841619246],[27.34693436078802,-1.360818000222023],[27.391423495302647,-1.450051645008968],[27.449419699327603,-1.459329763413914],[27.52840521244252,-1.622065841008323],[27.653462290954074,-1.691065843307061],[27.684636110338893,-1.771659978140738],[27.720515481251734,-1.769461108593218],[27.746655067224197,-1.789369928113808],[27.7420200711752,-1.831006873724321],[27.756249060983837,-1.844750835669831],[27.739681874169953,-2.000571238662255],[27.380909705743793,-1.991221049628431],[27.39364181931975,-2.016894592345394],[27.472356492173148,-2.033949059195242],[27.446145268251755,-2.107206927195457],[27.452578824450185,-2.130521506564673],[27.38469114506765,-2.167126332229472],[27.353028444538918,-2.165263341827203],[27.288039121030103,-2.242130079093169],[27.255833817408515,-2.230552799642013],[27.237484942602812,-2.271342314957989],[27.22733601816964,-2.238538645566746],[27.20653904197523,-2.242675009680914],[27.202474718676804,-2.223714585691491],[27.18830900619678,-2.233493700562774],[27.196532725093416,-2.218597858511758],[27.17606850015162,-2.241599078344886],[27.171409978123677,-2.216469869028143],[27.15004257082555,-2.234928283838637],[27.153013567168095,-2.213839764500048],[27.140131325345184,-2.212715991459667],[27.123588817048795,-2.236578053346649],[27.115959297779973,-2.210444532121889],[27.066213764805134,-2.210538093600765],[27.056540200074227,-2.178354730373109],[26.976869955117145,-2.123885316507353],[26.98416672313332,-2.152459289439722],[26.963345978414843,-2.129050192089159],[26.93456296317493,-2.155400345008593],[26.93739135196612,-2.182252158627458],[26.91310048447536,-2.158365306328411],[26.868042001326927,-2.158908994598647],[26.851154133024597,-2.288707069314769],[26.861419528525936,-2.322821674919383],[26.81064920915305,-2.339823748774727],[26.82019990770928,-2.44654721990173],[26.870553806743995,-2.542539461236772],[26.856550346173954,-2.606950046270866],[26.904972673311704,-2.664688907363092],[26.905703832782724,-2.695617696824514],[26.942944737052542,-2.712378004695374],[26.945773616323883,-2.739745929896894],[26.91622266997513,-2.807460986786642],[26.957126571596977,-2.836788973394993],[26.979796842382576,-2.92877454707624],[27.001421608026448,-2.959008943536688],[27.02453530699926,-2.94916541785326],[27.05779755760438,-2.987701813268021],[27.05797684426709,-3.041280755315454],[27.11989759732553,-3.076731438698728],[27.111721414578767,-3.136462744377158],[27.131686512192527,-3.154357573051564],[27.110533016221435,-3.245618697691528],[27.142025580326923,-3.265303255953919],[27.09910062113112,-3.318048294436785],[27.105014274663912,-3.363704680846593],[27.091870586262427,-3.381595415625894],[27.114545231843465,-3.387208593774289],[27.115448415098122,-3.430560327921718],[27.13227613939555,-3.426738767879121],[27.119061146320053,-3.457191398930206],[27.133576369920938,-3.498900183667122],[27.116780321118732,-3.539711821148952],[27.135176732074342,-3.538780426692103],[27.134606300970596,-3.559366411977904],[27.12146261167078,-3.558363393518031],[27.12719069302884,-3.573575724120556],[27.09928709341781,-3.623461772169569],[27.085596740640053,-3.728454511215595],[27.188691699287595,-3.889308506456959],[27.386582096045792,-3.935345700343497],[27.451618605361517,-3.996593807979798],[27.477225271181567,-3.976908323389355],[27.580569214978112,-3.994932639224971],[27.63639623552692,-4.021928400980551],[27.79855127299043,-4.004012562035199],[27.837782067785447,-4.022388089443514],[27.822326399710267,-4.070361723387803],[27.860412778562576,-4.11156930903429],[27.91360550211713,-4.128728597775551],[27.942245908907356,-4.127201221276009],[27.966894812531034,-4.105019344192539],[28.03621296737536,-4.122530346155544],[28.01664064194995,-4.145836140651362],[28.017805271783182,-4.19091526674471],[28.061134286905602,-4.183541465449548],[28.117915973157988,-4.22699576315316],[28.165998582608104,-4.211914703697154],[28.185139226217025,-4.157324603988441],[28.1746471022262,-4.136288547891319],[28.198172160428832,-4.121301537581375],[28.24265947046509,-4.199636257511298],[28.358444783604348,-4.282032233035077],[28.378940223205618,-4.274408619519345],[28.402465842855303,-4.364249867858227],[28.480845324631808,-4.396711851304025],[28.493872632694995,-4.454600941322674],[28.55313755973505,-4.460062239818702],[28.552787279656304,-4.523391764126034],[28.60728804009606,-4.676608989272538],[28.65929566121203,-4.705706174232865],[28.683847977078063,-4.739567262998708],[28.689908810587035,-4.799487722732403],[28.71607734836275,-4.8199686665667],[28.768248048737092,-4.914163374163492],[28.749091062078218,-4.94367542900777],[28.754557695959342,-4.960933881760603],[28.776709446586537,-4.96596353769044],[28.80351450901304,-5.010333579097649],[27.60211086939022,-5.016573495617711],[25.061397411355863,-4.986643009438083],[25.01476516247469,-4.916950863177618],[25.01106436311721,-4.874159882921036],[24.976379444308442,-4.817343994317837],[24.90958427082164,-4.765822956403367],[24.865272291267573,-4.696806906912705],[24.859047171164498,-4.633766881578765],[24.87875140969782,-4.589587898242955],[24.917503230868217,-4.568182952122499],[24.92917230508643,-4.519632946848184],[24.999999980849374,-4.466004004408111],[25.007559401881593,-4.44253289635489],[24.972894283738313,-4.385479889950031],[24.991686157336474,-4.368218076366197],[24.99463144209893,-4.311845015405555],[25.02051544120339,-4.273180959514894],[24.998922358241284,-4.213362890418767],[25.015859200896273,-4.172399997719956],[24.986276202658185,-4.157223026360215],[25.001613281437773,-4.125234890475537],[24.972944322594564,-4.101542962172016],[24.98001544279456,-4.04792785694088],[24.94928941740918,-4.029987942418138],[24.920873206757687,-4.044030972078763],[24.895641189615105,-4.009060937182704],[24.906163626356886,-3.976877881710111],[24.853889089718844,-3.939576981218955],[24.85433225020808,-3.906672845669142],[24.83027251564664,-3.916569922604469],[24.802982212948056,-3.876303893194828],[24.819702411600943,-3.854213908285027],[24.76698722167163,-3.838109776656486],[24.78142145316651,-3.830515879062826],[24.743145165971548,-3.810727876456094],[24.730530416389108,-3.780814848208496],[24.762144174006238,-3.755043895008151],[24.751598395440112,-3.741008158928513],[24.778164173624376,-3.708103896586219],[24.797184326204246,-3.7108638695164],[24.80747609803893,-3.666454792986643],[24.785705480128918,-3.656101809744596],[24.79784199809511,-3.644365456784658],[24.778818275610305,-3.624347883899674],[24.78384808032833,-3.594205887530761],[24.766893349521073,-3.59121498073173],[24.773977373121816,-3.545655847171517],[24.791160182586427,-3.552327829258591],[24.807646371904422,-3.532769020822536],[24.774408293166967,-3.47570785181923],[24.798221350351383,-3.454998819765839],[24.83074720969729,-3.454075945515024],[24.8675881408835,-3.377681211599819],[24.903084091968438,-3.371233049428577],[24.91793028007284,-3.300363922957704],[24.897773515215114,-3.293005060680567],[24.901886159790976,-3.274137005768938],[24.960279240406788,-3.267911925802024],[24.96618978487039,-3.195431914377301],[24.99481000022796,-3.189209971367297],[24.99999975986379,-3.152920028134857],[25.023170077852324,-3.138589913408336],[25.007579919402698,-3.120650085075153],[25.02084987859379,-3.09257006044229],[25.001149959160312,-3.074159895803806],[25.01372977865125,-3.063359958666902],[25.034346717191344,-3.078069524481683],[25.036850077546433,-3.065879931702747],[25.031339917594853,-3.040110070251243],[25.007379759486035,-3.024289983171399],[25.11239866243545,-2.774354129217281],[25.074278009261786,-2.600691865233198],[25.046967875355012,-2.595038573105918],[25.001692478709877,-2.545303480852436],[25.04671551523548,-2.496327919895486],[25.002681398073545,-2.486170480070614],[24.999453638069966,-2.472284742169125],[25.048323953243287,-2.411946279905707],[24.989061170481804,-2.420843597062327],[24.93154110859175,-2.397901655689819],[24.926003539244196,-2.372406174496733],[24.69430830675436,-2.362520265175486],[24.681097016534466,-2.189584700180501],[24.663639177065804,-2.139474287967816],[24.608722979943135,-2.064662828331981],[24.598389880215485,-1.980783041311686],[24.97823501064752,-1.981554860715821],[25.02449987462865,-1.968569995265934],[25.188477015288562,-1.980256187192269],[25.208960304277326,-2.027740182607497],[25.178568025477908,-2.051392230008333],[25.175925626578096,-2.077669265305668],[25.20037251346741,-2.087979479098932],[25.232086302982996,-2.075869610227403],[25.240084503420807,-2.111983789340608],[25.422588246972133,-2.054670894218895],[25.496107080391877,-1.964229848003596],[25.656509274767334,-1.892320068321582],[25.677482262366933,-1.850675980598121],[25.71333501889283,-1.824650971962121],[25.76041612537877,-1.817695887389103],[25.79017413070556,-1.842491900645992],[25.843428356517727,-1.832990133832669],[25.848020159771213,-1.708819992026666],[25.868700000144134,-1.639359951474558],[25.860999857124305,-1.411542549932692],[25.93357955491509,-1.495349808047641],[25.98203987989107,-1.502630013384029],[26.01537032160939,-1.488100007104662],[26.014189864359164,-1.468559920171325],[26.039049660072195,-1.443920092882594],[26.01727974284809,-1.407639931338435],[26.06955965680139,-1.384799988001409],[26.066670005602777,-1.310329749638798],[26.081919978342544,-1.281340037859112],[26.07961427968932,-1.264815273862415],[26.0589416402117,-1.259591575735583],[26.080278839861762,-1.155426293278282],[26.140962239973117,-1.132904304471485],[26.08294463987473,-1.090702106896698],[26.073605879945166,-0.962511943236666],[26.209643759673913,-0.922676150934599],[26.243652960336092,-0.894267689293981],[26.259656759736405,-0.855461956913107],[26.2449849597815,-0.826945932493958],[26.230238279857776,-0.668004877273968],[26.256624480325172,-0.624769901222588],[26.273465991067287,-0.498403737617566],[26.109110330889344,-0.37260598810203],[26.170768241387226,-0.284088987511418],[26.09967617167323,-0.219914976723295],[26.0649829156003,-0.161273574746992],[26.033574060106208,-0.048950274306079],[26.057069879044686,-0.013799981692383],[26.077619558922834,-0.036580130337068]]],"type":"Polygon"},"properties":{"admin_level":"ADM1","id":"cod-adm1-cd63","name":"Maniema","source_code":"CD63","source_feature_id":"CD63","source_id":"ocha-rgc-cod-adm1-2017","source_name":"Maniema"},"type":"Feature"},{"geometry":{"coordinates":[[[28.5481011595862,-7.622684628315955],[28.632820295766173,-7.684726031130929],[28.62280655969843,-7.747965523623338],[28.648714320140446,-7.820791883839386],[28.68731135979076,-7.845590950171182],[28.65645035983902,-7.892603957576117],[28.747403999923485,-7.915565721428335],[28.779106679973964,-7.975707685466094],[28.830049560323022,-7.976455641888442],[28.854026639996864,-7.958361338085949],[28.878402297670657,-7.921422012789395],[28.90327662992162,-7.822541468235541],[28.96205004016071,-7.869797280328281],[29.027759400200686,-7.872546208702996],[29.020422599662165,-7.889730924007628],[29.039676839730337,-7.892302463904788],[29.112753237601275,-7.865293857181987],[29.11693535967785,-7.831527968976317],[29.095838279703237,-7.80684696293627],[29.112959520434917,-7.780355922491506],[29.09832945441147,-7.758622994557436],[29.147957280236334,-7.739762976115898],[29.171350080378005,-7.770780200501307],[29.206689839587884,-7.781898617073368],[29.273702039759122,-7.728181279294912],[29.359305720049907,-7.757368746237846],[29.438713323669077,-7.729664865763787],[29.443165190062548,-7.780147873974197],[29.463508439783325,-7.793345976051897],[29.453708519821188,-7.814446866323474],[29.483616240169862,-7.812796634690333],[29.49375023999289,-7.87082427034199],[29.517873480055037,-7.871082936782317],[29.566841313640637,-7.820296080011532],[29.626041599709485,-7.934654318207978],[29.662215839919373,-7.932529440895999],[29.666847240012284,-8.009707887839763],[29.63900952014923,-8.092376925300606],[29.574939236956464,-8.119239886892302],[29.579186520128804,-8.174127436856166],[29.54331252024304,-8.180611628977015],[29.53166364015241,-8.15272765100743],[29.520174239770817,-8.187064498229622],[29.51912196043354,-8.228349758568037],[29.562836400423517,-8.345090502629013],[29.6225510402645,-8.380398795472905],[29.625486894513127,-8.404799506832283],[28.897488302150723,-8.490836169674237],[28.934714904342954,-8.560461244317189],[28.945906886907032,-8.635945215147062],[28.93339919584521,-8.724827178315337],[28.78577025159753,-8.944029179331295],[28.4814695720076,-9.242344407143877],[28.631344962032358,-9.514205024220374],[28.69703850813006,-9.806159266723062],[28.682838779145147,-9.82739372075819],[28.68730350043035,-9.90107464243569],[28.621759230078354,-10.157049277501223],[28.57714944014298,-10.230619385771009],[28.636024921456237,-10.31323809220587],[28.621649166693114,-10.375759151102532],[28.64300893471805,-10.449729242146107],[28.634079225348074,-10.518399179353718],[28.67122883024233,-10.56061928041841],[28.66586885333489,-10.61911912762509],[28.696778978556264,-10.662589189674573],[28.667739073891184,-10.694539184358174],[28.661214494099955,-10.730651392423884],[28.62001853760284,-10.741443466748574],[28.547561139149792,-10.857383238917524],[28.54066650107223,-10.947243240291716],[28.510097664691884,-10.97640918136691],[28.511853394066947,-11.025371199710227],[28.478481633438797,-11.108884248449892],[28.501104633077507,-11.153271290698488],[28.489715778430714,-11.24115826127688],[28.452539906797565,-11.301054315220211],[28.456926869911744,-11.375270166089944],[28.428002125672837,-11.385760191095212],[28.433045347627946,-11.414413237852473],[28.395251352434318,-11.482836346837901],[28.383200460084364,-11.582918284964002],[28.431879403559428,-11.644035225737415],[28.419039370876803,-11.676739172590082],[28.43530732797126,-11.706081281979884],[28.41502433274813,-11.724554290018485],[28.450445264625397,-11.769726199681193],[28.43626821001659,-11.827533294861114],[28.478254517775397,-11.824826230888807],[28.509657036553467,-11.883527227044965],[28.614989873745227,-11.912999238594256],[28.639989928813467,-11.95199928440773],[28.71398925401069,-11.989999214392222],[28.758988946017027,-11.989999195820175],[28.77798892243562,-12.054999137728078],[28.946987595228126,-12.211999193995778],[29.046986971982996,-12.384999052684924],[29.106987562646914,-12.378999737444648],[29.128998089128284,-12.394999853519597],[29.17499811089905,-12.373999822121293],[29.26698865655307,-12.364001706239966],[29.30198465385988,-12.412998980011249],[29.365984127350398,-12.41299894822485],[29.47498315989658,-12.470998917757758],[29.498990356488616,-12.469999432534518],[29.526989899765272,-12.443999411940442],[29.53698990777884,-12.406999372577168],[29.49599010830548,-12.393999244854943],[29.455990361017133,-12.332999384875587],[29.48499032119477,-12.242999254353782],[29.57498975910636,-12.192999336221225],[29.666988979791075,-12.206999240772577],[29.761988367810517,-12.15999930304529],[29.806979439583404,-12.155999345381344],[29.80898019523196,-13.454995841740343],[29.764980713514113,-13.436998715400222],[29.711986726944822,-13.455998172361413],[29.673989559783365,-13.42899922719771],[29.645989659875564,-13.436999284304294],[29.61098994893332,-13.408999343526729],[29.604989851419035,-13.362999420138738],[29.651989714270716,-13.349999260214453],[29.662989434906077,-13.31999933077431],[29.653989481772463,-13.288999327603035],[29.68098930254583,-13.267999337691249],[29.67798943075678,-13.23599940714148],[29.669981638108364,-13.225998783409732],[29.642983859205643,-13.239997908852372],[29.580982321552018,-13.212998787471882],[29.502983393079344,-13.245998840708632],[29.441983841683534,-13.313998942963122],[29.3649845503742,-13.326998982869318],[29.348984871546072,-13.34799887799967],[29.315985048479856,-13.331999020975289],[29.29898530578867,-13.374999042665682],[29.247985651015323,-13.392999036023836],[29.182993103452993,-13.442996528239593],[29.121997965480155,-13.369999940660158],[29.003998381522365,-13.415999919004163],[28.9909984343461,-13.391999818760189],[28.998998344277926,-13.371999956079863],[28.968998136980847,-13.366999905374062],[28.903998393014763,-13.1619998565699],[28.84699857065853,-13.144999990540645],[28.83099838338398,-13.083999893002568],[28.847998285076986,-13.071999794222828],[28.789998375501504,-12.945999795990845],[28.755998568522237,-12.938999831410944],[28.725998353140355,-12.876999913019407],[28.652998698344152,-12.818999922710875],[28.625990336389055,-12.81999926592554],[28.57299807189017,-12.892999303441622],[28.543998716278708,-12.855999883407314],[28.52899860544367,-12.80099994039361],[28.464998575895983,-12.733999953472962],[28.45599858143987,-12.698999903860612],[28.51399885213809,-12.673999840369426],[28.522998842102645,-12.631999892662384],[28.44499878354936,-12.562999957754574],[28.441998903675472,-12.515999926658045],[28.40399877297192,-12.500999824811903],[28.31499891742642,-12.41899997311722],[28.234996753954963,-12.422998765576585],[28.17399253042135,-12.382999481016435],[28.128993573236915,-12.435998930858007],[28.07599904408521,-12.352999902350382],[27.988993333486086,-12.338999440516652],[27.954997835725266,-12.353998919700567],[27.952998999776437,-12.313999920302347],[27.917999098391377,-12.23999991549713],[27.817994015537806,-12.229999494846815],[27.816993948081457,-12.25999956539541],[27.757995309539368,-12.288999055441696],[27.631000079869743,-12.274999949410033],[27.613000080177653,-12.223999988050496],[27.564999839950897,-12.210000084499823],[27.51500016010743,-12.157000055524561],[27.497000160415375,-12.066999979671417],[27.46699991988064,-12.034999968229098],[27.462999959974013,-11.928000044972574],[27.290999880171658,-11.80999993089412],[27.231999840257764,-11.787000052410121],[27.20599991985409,-11.567999968010819],[27.156996086283478,-11.59999971055977],[27.027996544535053,-11.610999656826115],[27.024996319708116,-11.651999706668123],[27.04899638816838,-11.69899975161116],[27.0079964629309,-11.7669996800884],[27.00799647820225,-11.846999704579492],[26.896996882246988,-11.974999812774696],[26.82799837313355,-11.992999066272269],[26.774997105718885,-11.962999719794098],[26.717997350736333,-12.008999642057036],[26.59799988034898,-11.971000008608748],[26.55900000019265,-11.978999963792154],[26.443997882335573,-11.914999743816164],[26.329997952857195,-11.965999865709275],[26.21199804550591,-11.927999857439627],[25.98999925514229,-11.940999765476093],[25.977999960225656,-11.932999990282681],[25.98699996007168,-11.898000001985203],[25.95999995963527,-11.878000050046795],[25.918999920311723,-11.875000043272005],[25.880000040155398,-11.799999963245286],[25.823998448200815,-11.82799978439228],[25.71899998731395,-11.815999865951579],[25.677000000010004,-11.782000043351864],[25.64999999957359,-11.728999963950013],[25.593998636689367,-11.735999817984519],[25.57699877721719,-11.76199980351434],[25.5059988827362,-11.785999828037296],[25.48400003974341,-11.77199992397734],[25.49699997164829,-11.726000332884887],[25.544756160273636,-11.733461988959755],[25.60760925140927,-11.652990981593947],[25.674360389480853,-11.632271102848808],[25.688179343278055,-11.553684114414164],[25.72866036028491,-11.523111918934745],[25.734911354563117,-11.478189108372032],[25.774797240389205,-11.45819796373819],[25.780964400291825,-11.40660303045851],[25.758039581090692,-11.400187442115133],[25.75658123988877,-11.33855352832551],[25.815394800329468,-11.26088839394204],[25.790502240363068,-11.203673046607896],[25.793529120001114,-11.13261015275279],[25.849386720100554,-11.097202337828978],[25.87703939959146,-11.016103923918896],[25.947269870861934,-10.951874115388728],[26.06518278715776,-10.979379027510696],[26.12345098398275,-10.948072964934035],[26.166606709595253,-10.883135024826215],[26.215022672169237,-10.88367404038879],[26.2343439328458,-10.93678901362647],[26.26457384924246,-10.951811950888922],[26.272574880271723,-10.993110970560227],[26.330859923203246,-11.061177049664778],[26.3147106847618,-11.099725004338724],[26.310423806546698,-11.208910043309428],[26.360398892314297,-11.228708991034333],[26.348784520107003,-11.031683922099749],[26.418914661238322,-10.918039893425725],[26.514115555749076,-10.893531007816254],[26.549595707264803,-10.898419924603127],[26.5659317818106,-10.881615013982605],[26.561639502025688,-10.811864004571863],[26.60618552774556,-10.740397915250739],[26.510468932888084,-10.678285944242067],[26.566325795470636,-10.600464970940083],[26.519623548065866,-10.586394042538195],[26.516009508896857,-10.561147020986482],[26.453803850654502,-10.501513879680115],[26.495596792455135,-10.474778918363013],[26.820410655169866,-10.464898041435225],[26.917802503827662,-10.51739501445118],[26.928330343037555,-10.601268899978368],[26.946543457251018,-10.606941032391742],[26.980444643585102,-10.557589999945298],[27.043703459717133,-10.55106504277063],[27.073132552292503,-10.563382001457171],[27.09958579941943,-10.549326894617323],[27.10931983693864,-10.517202983732599],[27.18790961971304,-10.432456023036355],[27.105597795119667,-10.320805926261169],[27.014969611069354,-10.25971006412597],[26.9799455773425,-10.217852898960771],[27.099418463044945,-10.033522929859785],[27.064364555843312,-9.968782932536708],[27.069717392042563,-9.916011976981004],[27.01641980455163,-9.919116145465884],[27.006371631567458,-9.943414701189887],[26.9492486492875,-9.953957042973048],[26.930560548172636,-9.97516592718485],[26.88605064191369,-9.96205002355448],[26.886193502789965,-9.986189796114816],[26.855212611883776,-9.977920923360871],[26.836100519429536,-9.987172955468209],[26.83114167173747,-10.011619765460091],[26.790028837251946,-10.023728031979124],[26.747066429088548,-10.005506910906348],[26.781774376209643,-9.979311958108562],[26.773433538559527,-9.913106903316343],[26.599254432440492,-9.921401032190342],[26.47917574536829,-9.890727014752438],[26.425840680163724,-9.897557028643291],[26.360198655142515,-9.854178899201665],[26.316816505569378,-9.856903951110034],[26.29528383251348,-9.885017921263401],[26.26992595960295,-9.866815969059948],[26.2660059192139,-9.827678029166886],[26.288971755490902,-9.768566931813728],[26.340156909675482,-9.717862957148046],[26.330766669991924,-9.679390975667731],[26.352679866707213,-9.648340073860314],[26.332635845807562,-9.641216013332501],[26.32303586028495,-9.61459991588524],[26.479969200309327,-9.440561904795674],[26.46513324042277,-9.373194891412863],[26.50224348024295,-9.263979888371928],[26.46457343998211,-9.217385856982675],[26.497946520235395,-9.156261904024046],[26.525350440054467,-9.14806900124398],[26.561968200079733,-9.08896400387984],[26.60771052034829,-9.070395880783266],[26.67336119973893,-9.006957948305178],[26.68008852030665,-8.899105950839472],[26.69162147999636,-8.866546006153676],[26.732471400056156,-8.832868964604847],[26.713617479821306,-8.79175547182406],[26.716024440166606,-8.690226937711179],[26.73213515974698,-8.671385024267378],[26.760364200120843,-8.690953025977329],[26.770397399985864,-8.682535945531459],[26.75311632021904,-8.66946887397577],[26.773199280391307,-8.654011934723462],[26.81801243992384,-8.671031937020746],[26.835260399704445,-8.696728902095387],[26.826107399697545,-8.762564012667527],[26.84256047980912,-8.781153892398207],[26.941995359731045,-8.71554886194983],[26.967828240204238,-8.669895893566075],[27.08511372010504,-8.560600350792416],[27.07184376001562,-8.541411870425424],[27.006469200285437,-8.532941163047324],[27.01546451990882,-8.487013689450482],[27.226268381234252,-8.207158923658252],[27.30648420001283,-8.167025937491195],[27.366037199696525,-8.185994973231068],[27.465841439913838,-8.1342338695179],[27.501569999860127,-8.099249077170434],[27.514086840263126,-8.10727827248161],[27.559661039927963,-8.081824574125848],[27.641333159834453,-8.076658379635127],[27.681852599582662,-8.130241151447393],[27.674697960315786,-8.148361927820403],[27.7025824797102,-8.153458329604316],[27.69887339968244,-8.199637087330297],[27.73626515983457,-8.169471367673275],[27.83754287966296,-8.144527228774463],[27.730672559692753,-8.232532139863922],[27.721522080358508,-8.248298510837534],[27.760863959923267,-8.240980412542093],[27.75156012020374,-8.287043099252154],[27.840717359688725,-8.181205976447787],[27.83388528028753,-8.246309959432418],[27.890261280171096,-8.24203980030111],[27.904681799781443,-8.26020178591318],[27.96025176022521,-8.27225503334424],[27.985869719664997,-8.228595352402978],[27.984348383205457,-8.361031815090081],[28.062393479693856,-8.412341876460307],[28.089311400164444,-8.403916957560375],[28.06631459985789,-8.343623443383256],[28.09767888004924,-8.359337338768666],[28.219752359753137,-8.254376638618355],[28.262083679869843,-8.253720873920244],[28.263759479845866,-8.280986167957803],[28.30306715964943,-8.28033383676432],[28.43243711990866,-8.167464043210162],[28.42941347959551,-8.048049069484614],[28.479799080176598,-8.009186092404246],[28.529979120169532,-7.891480808884269],[28.35581184037122,-7.775523003894698],[28.413097559651423,-7.687477161866116],[28.461033083448484,-7.679319091112037],[28.485691198397102,-7.637188876468312],[28.5481011595862,-7.622684628315955]]],"type":"Polygon"},"properties":{"admin_level":"ADM1","id":"cod-adm1-cd71","name":"Haut-Katanga","source_code":"CD71","source_feature_id":"CD71","source_id":"ocha-rgc-cod-adm1-2017","source_name":"Haut-Katanga"},"type":"Feature"},{"geometry":{"coordinates":[[[21.9628375199838,-7.699764338075724],[21.994734059167538,-7.691633079445459],[22.00240944012651,-7.672058970732401],[22.033460519999142,-7.682579406639094],[22.042504799602167,-7.72170215940102],[22.165096319764086,-7.881365899453367],[22.291137359837258,-7.871188259278598],[22.4213209197577,-7.804463785898052],[22.446910080107813,-7.830356626682339],[22.496587919636113,-7.844881136196245],[22.55384051982843,-7.765322926465505],[22.60940912651103,-7.732640011023824],[22.65167986783824,-7.775449953040279],[22.646519999643495,-7.823420094531017],[22.677059879728933,-7.85540004639592],[22.66108991986538,-7.895989988354922],[22.766419799803266,-7.817686249308244],[22.817193479773593,-7.822594551387817],[22.940858880162164,-7.88830323615574],[22.98425255961198,-7.864847233626422],[23.083963199868265,-7.874910962415384],[23.103376200094903,-7.826523008157959],[23.150661480170204,-7.776572013101144],[23.184984230595774,-7.76883278236209],[23.176185480322854,-7.799807907787631],[23.188785452618845,-7.841841014350877],[23.170541400427012,-7.874860978982174],[23.18075640044092,-7.923726208599265],[23.209797240252172,-7.957336889391942],[23.22823140021265,-7.950715923563354],[23.26780943967908,-7.97557597620309],[23.309536679598168,-7.944043625204824],[23.389906319597802,-7.955130924193321],[23.442347879996603,-7.943962773474825],[23.49743435996794,-7.979630917883705],[23.583614759569425,-7.936504496312272],[23.625578879839026,-7.966846674798157],[23.688383256235095,-7.967504882081477],[23.691078360190943,-7.999999955761689],[23.667755399571043,-8.049105941207152],[23.700798359737213,-8.135978943539804],[23.68442520004154,-8.192279908535461],[23.701343399959434,-8.27601001647066],[23.67011015971351,-8.429038030860577],[23.640091200084925,-8.481729006507656],[23.65112843975646,-8.534734868932839],[23.688177480051277,-8.568819000958149],[23.67814644961768,-8.60100673186587],[23.696059680138163,-8.704568338173432],[23.729001480121855,-8.781284256848888],[23.7484116003497,-8.767001946928506],[23.91119747972147,-8.790466999339515],[23.935350219559197,-8.770144926926466],[23.973032159802624,-8.7784700117081],[23.9958683781673,-8.819708215490163],[24.10614215962751,-8.90310105239585],[24.097896291869237,-8.937965999150055],[24.211910659969167,-8.95481707724293],[24.245543879752347,-8.976222990492523],[24.266754000129044,-9.045256087649717],[24.33660102102892,-9.125261171695431],[24.47355096026561,-9.203447914286158],[24.496683119617504,-9.24250604586909],[24.55421795969231,-9.25660391838968],[24.575339160330618,-9.277385070489016],[24.570137160250738,-9.293467971492388],[24.536787119987842,-9.300618019102394],[24.41104596001439,-9.303340994761243],[24.378167880228744,-9.28019306120005],[24.30026496010036,-9.270340006819941],[24.25142591977365,-9.284930970271498],[24.21529703999403,-9.321153086238002],[24.185791080376426,-9.303724045045762],[24.148118879667297,-9.338711940084163],[24.136022880211993,-9.35916703574935],[24.162730920096223,-9.458993965884304],[24.121232962577036,-9.575969338087955],[24.132022917610406,-9.643029108164168],[24.109725959707422,-9.718538080717963],[24.04699308022481,-9.776094041605221],[24.01299125473113,-9.835567783619556],[24.027624000429054,-9.841243989268065],[24.02579897680962,-9.892287710914228],[24.104522160302025,-9.914192043939915],[24.10580023118598,-9.9362557727879],[24.085034999657104,-9.956363059082378],[24.0859238404099,-9.992682943599275],[24.103586159793437,-10.008406935055985],[24.164217000375817,-10.014344002042288],[24.226908119875798,-9.992945057963986],[24.264028080365698,-10.006279948241968],[24.29199391705623,-10.045127027877376],[24.32507292032654,-9.992055075731244],[24.35958111267116,-9.983340082820796],[24.38972387990888,-10.077910046954035],[24.41450987991962,-10.108412014204536],[24.41455200012666,-10.060094960640017],[24.46302228202923,-9.98154486536088],[24.536527920095775,-10.037387980400762],[24.576146999994272,-10.098008949758519],[24.62483411993505,-10.064371977775972],[24.69294683987266,-10.050780991306318],[24.71199416109998,-9.992704975621976],[24.75180107962272,-10.059904049192138],[24.822924119654417,-10.080851956688015],[24.84542809790789,-10.056529902251356],[24.842846030760878,-10.024131898488122],[24.888175920109475,-10.063318963463814],[24.92440488029659,-10.12823208279419],[24.976827000254342,-10.119390025082325],[25.07205373570254,-10.049838009373113],[24.98297286110158,-10.038172964836336],[24.983272020752434,-10.016388947754857],[25.024565098606473,-10.012902018261498],[25.08542707301654,-9.975388964750996],[25.128328973357313,-9.979893915914039],[25.169343771102668,-9.921333962239018],[25.406657916287333,-9.822675044906395],[25.488306990813552,-9.82422298402595],[25.54158705037665,-9.79405901604606],[25.54835287992397,-9.742316091208552],[25.519246918542798,-9.70744406516738],[25.546015079974072,-9.696825004059493],[25.523970839720064,-9.694062920757961],[25.52195483966113,-9.65684698098476],[25.48652183981632,-9.636057950104675],[25.521311880377965,-9.639842037362355],[25.492244039904215,-9.562907027670441],[25.49802602287425,-9.49573408431706],[25.511609820187964,-9.488470944825867],[25.51039991975594,-9.505491038416663],[25.590183119775187,-9.5170750757548],[25.64074799983247,-9.489723988478273],[25.70014115958272,-9.566884918659095],[25.91478612004497,-9.699095045354548],[26.033519880016502,-9.676593944021297],[26.037690120076803,-9.722583026132344],[26.123042880247475,-9.720725028456382],[26.188503839941685,-9.700322958123353],[26.21257812002423,-9.712330074614307],[26.260341119676035,-9.673346031166975],[26.332635845807562,-9.641216013332501],[26.35065264938532,-9.646714024857912],[26.33002399052573,-9.683960947259402],[26.340156909675482,-9.717862957148046],[26.292103755983526,-9.763991027701355],[26.267102839430905,-9.822129049891398],[26.282667634846817,-9.88407296416027],[26.29904655094686,-9.884355936804383],[26.316816505569378,-9.856903951110034],[26.360198655142515,-9.854178899201665],[26.430098758390844,-9.898198927780479],[26.47917574536829,-9.890727014752438],[26.599254432440492,-9.921401032190342],[26.773433538559527,-9.913106903316343],[26.781774376209643,-9.979311958108562],[26.747066429088548,-10.005506910906348],[26.790028837251946,-10.023728031979124],[26.83114167173747,-10.011619765460091],[26.836100519429536,-9.987172955468209],[26.855212611883776,-9.977920923360871],[26.886193502789965,-9.986189796114816],[26.88605064191369,-9.96205002355448],[26.930560548172636,-9.97516592718485],[26.9492486492875,-9.953957042973048],[27.006371631567458,-9.943414701189887],[27.01641980455163,-9.919116145465884],[27.069717392042563,-9.916011976981004],[27.064364555843312,-9.968782932536708],[27.099418463044945,-10.033522929859785],[26.9799455773425,-10.217852898960771],[27.014969611069354,-10.25971006412597],[27.105597795119667,-10.320805926261169],[27.18790961971304,-10.432456023036355],[27.10931983693864,-10.517202983732599],[27.09958579941943,-10.549326894617323],[27.073132552292503,-10.563382001457171],[27.043703459717133,-10.55106504277063],[26.980444643585102,-10.557589999945298],[26.946543457251018,-10.606941032391742],[26.928330343037555,-10.601268899978368],[26.917802503827662,-10.51739501445118],[26.820410655169866,-10.464898041435225],[26.495596792455135,-10.474778918363013],[26.453803850654502,-10.501513879680115],[26.516009508896857,-10.561147020986482],[26.519623548065866,-10.586394042538195],[26.566325795470636,-10.600464970940083],[26.510468932888084,-10.678285944242067],[26.60618552774556,-10.740397915250739],[26.561639502025688,-10.811864004571863],[26.5659317818106,-10.881615013982605],[26.549595707264803,-10.898419924603127],[26.514115555749076,-10.893531007816254],[26.418914661238322,-10.918039893425725],[26.348784520107003,-11.031683922099749],[26.360398892314297,-11.228708991034333],[26.310423806546698,-11.208910043309428],[26.3147106847618,-11.099725004338724],[26.330859923203246,-11.061177049664778],[26.272574880271723,-10.993110970560227],[26.26457384924246,-10.951811950888922],[26.2343439328458,-10.93678901362647],[26.215022672169237,-10.88367404038879],[26.166606709595253,-10.883135024826215],[26.12345098398275,-10.948072964934035],[26.06518278715776,-10.979379027510696],[25.947269870861934,-10.951874115388728],[25.87703939959146,-11.016103923918896],[25.849386720100554,-11.097202337828978],[25.793529120001114,-11.13261015275279],[25.790502240363068,-11.203673046607896],[25.815394800329468,-11.26088839394204],[25.75658123988877,-11.33855352832551],[25.758039581090692,-11.400187442115133],[25.780964400291825,-11.40660303045851],[25.774797240389205,-11.45819796373819],[25.734911354563117,-11.478189108372032],[25.72866036028491,-11.523111918934745],[25.688179343278055,-11.553684114414164],[25.674360389480853,-11.632271102848808],[25.60760925140927,-11.652990981593947],[25.531746001947567,-11.739346717669434],[25.499916000078606,-11.722247333830905],[25.474673879584007,-11.678393777147855],[25.43539265606386,-11.673702252669848],[25.345528560129605,-11.621424268010774],[25.320003840426413,-11.563648935525215],[25.316441280113104,-11.466249529291654],[25.290962280166283,-11.389900256716018],[25.314820200114312,-11.35248330247733],[25.3031803202445,-11.31818762909592],[25.347135600358833,-11.226227797315282],[25.15406751186107,-11.26865777318743],[24.929701193599836,-11.269531161537067],[24.874227746353597,-11.277720839029922],[24.84341572524607,-11.308171561353847],[24.754376253996572,-11.306859819426004],[24.649585711775497,-11.396645933450454],[24.61120973044863,-11.410515251458092],[24.594332579047638,-11.444082824887209],[24.523308707633383,-11.461763952602066],[24.456458631811344,-11.457302843835564],[24.37389467976212,-11.400222809709927],[24.333959130575536,-11.403854643997402],[24.295517280280457,-11.386519025994895],[24.37499591997737,-11.339052622119077],[24.406236720444696,-11.263167706248888],[24.40669823980338,-11.13123395110419],[24.385133160023624,-11.082627220079184],[24.287541772185026,-11.033970876594342],[24.255950947658796,-11.040389492455471],[24.20341524022496,-11.013692119627756],[24.176242898899595,-11.022844588824778],[24.167999495220162,-11.044000013636033],[24.140999880161004,-11.036000014650918],[24.131000159608305,-11.023999984074038],[24.145999920100405,-10.977000018696177],[24.12399995960336,-10.95200001909904],[24.125000039636134,-10.909999979472595],[24.059000159941725,-10.88900000433213],[23.98699982879681,-10.891999907110543],[23.944999722915217,-10.954999986466147],[23.862999666726054,-11.022999958613942],[23.82999955709723,-11.03000002278608],[23.744999879748985,-10.992000015273263],[23.707999936876025,-11.007999960596981],[23.58500003989098,-10.992999940546573],[23.505999840219445,-10.945999927204612],[23.43599980119242,-10.938000006473827],[23.202999923855852,-11.10199994016129],[23.15199981184005,-11.092999984960215],[23.083999781961563,-11.123999932333481],[22.866999840371296,-11.061999908740198],[22.810999933656163,-11.082999963558988],[22.786999817585187,-11.113000061164307],[22.722999840139796,-11.109999937623632],[22.561999838502313,-11.031000024130714],[22.497999764038898,-11.052000041152835],[22.494999884165043,-11.120000080003592],[22.436999928775478,-11.175000076047818],[22.350999895611643,-11.17700007081356],[22.299999779104255,-11.243999910536012],[22.27799987969268,-11.249999996713749],[22.259000160192286,-11.226999976121308],[22.263999839907253,-11.166000115256702],[22.2209999998443,-11.104000106072986],[22.208000040091644,-10.953999963778669],[22.173999839650282,-10.875000013526007],[22.18100003965523,-10.852000099509182],[22.282694265161712,-10.775596896390223],[22.31100000010127,-10.783000060390968],[22.33400003973272,-10.758000056985232],[22.313999879975153,-10.676000054682929],[22.31700012007344,-10.54400003626085],[22.27799987969268,-10.516000043158288],[22.32799992065888,-10.385000072669762],[22.299000120381354,-10.316000036955938],[22.24063260042869,-10.290002256704595],[22.26125124037792,-10.26386471261957],[22.223000159909844,-10.159000053537547],[22.217237279614327,-10.016883862829987],[22.197761466488043,-9.99999987576162],[22.206363418340132,-9.986446969119497],[22.18652532004966,-9.919743890054637],[22.117042440233377,-9.87409600324588],[22.07553552022258,-9.876537020950867],[22.039232399617152,-9.830940945695964],[22.024486440142297,-9.83380698831425],[22.00637232027318,-9.761652895515624],[21.98166623977998,-9.763908995010667],[21.939441479618896,-9.690475908183245],[21.880233360240762,-9.650776920000135],[21.867740235361303,-9.56201889590127],[21.835405439591486,-9.515354023174405],[21.833976239737375,-9.466311018090042],[21.794065107658525,-9.420907119178638],[21.85893432012567,-9.237498979411704],[21.86097336197162,-9.170410049053919],[21.8412644396224,-9.108543939352534],[21.84417143998409,-9.062371997788686],[21.859709400027544,-9.04518597032252],[21.849384266559788,-9.01804511866529],[21.858940440347695,-8.908260971268687],[21.903160320127245,-8.787791023933973],[21.89713535994083,-8.70922001281901],[21.95771039987274,-8.503008987664353],[21.94494443957348,-8.426193858859055],[21.923839691579577,-8.396994387267807],[21.934606320060016,-8.319859982737384],[21.89687724162037,-8.289450780168353],[21.8791504968613,-8.197571902486144],[21.890024228778113,-8.181534005579898],[21.759401160020065,-7.994119940080136],[21.744749880281194,-7.932939959387509],[21.770669880268965,-7.893629998151418],[21.768040080241015,-7.777419967950226],[21.829349880091574,-7.637219954529615],[21.839379480407228,-7.663816890302349],[21.9628375199838,-7.699764338075724]]],"type":"Polygon"},"properties":{"admin_level":"ADM1","id":"cod-adm1-cd72","name":"Lualaba","source_code":"CD72","source_feature_id":"CD72","source_id":"ocha-rgc-cod-adm1-2017","source_name":"Lualaba"},"type":"Feature"},{"geometry":{"coordinates":[[[25.939312199714806,-6.205506929444728],[25.977141360358544,-6.273182917335051],[25.985915999849265,-6.219526134902289],[26.016462360381166,-6.204440366355252],[26.02798560029952,-6.262609223934029],[26.055181080429982,-6.266384134581475],[26.07216084009767,-6.296056491825905],[26.116496143509774,-6.295480555534438],[26.05123603812991,-6.41758048411072],[26.010356271544822,-6.436283508953674],[25.987859543594013,-6.423759608289681],[25.984617326104246,-6.46319717986108],[25.945783120439174,-6.460927260300444],[25.94791137128105,-6.536984037029362],[25.930319973889226,-6.554776475734931],[25.934451406729284,-6.601874322222607],[25.983650007629915,-6.606400532562391],[26.01711416357829,-6.653518814274552],[26.006155919956182,-6.702057613362586],[26.03166371989101,-6.712940913598276],[26.037040320122774,-6.750806628865855],[26.085443039732812,-6.763731687650751],[26.09078433886887,-6.789584761002152],[26.133573240130055,-6.795258905120788],[26.13477455985447,-6.81383634839647],[26.094880440070487,-6.810843499436761],[26.075594520015503,-6.863047341956541],[26.045009999948633,-6.870977427812988],[26.04078972013372,-6.888540478124026],[26.113401360219395,-6.91566169809853],[26.094320280303688,-6.947444926994794],[26.101558080209696,-6.959964052595074],[26.216813520281992,-6.942922667424938],[26.213199480214655,-6.986524615454143],[26.234791200432497,-7.03079728685586],[26.278855560276813,-7.043213095099477],[26.298394199777402,-7.01302605527733],[26.36298288005937,-7.050324529408368],[26.399861279976115,-7.051800065045167],[26.419111200046085,-7.036917861039082],[26.48565761475935,-7.061822726209966],[26.469187920306624,-7.144261729142141],[26.407211278562794,-7.160542210265038],[26.385931596243726,-7.209974533171618],[26.382843359875128,-7.266948935794171],[26.352600479890622,-7.324202898178734],[26.372871595792404,-7.374292421430656],[26.396173506190284,-7.370014178528597],[26.424044374785634,-7.418862928060463],[26.43831123487167,-7.407612948334852],[26.42190819720967,-7.363000221009905],[26.44398375453109,-7.362063148497314],[26.47138803098135,-7.432827997424598],[26.495722146963168,-7.407284040499334],[26.52105902265224,-7.414808997355781],[26.53982510112701,-7.462996953916179],[26.651130242856492,-7.510973886039339],[26.66114222631113,-7.552973856452349],[26.691509276824135,-7.545784857677087],[26.698811885686304,-7.522804803039839],[26.736152974568217,-7.550386914408797],[26.78475384007206,-7.535609416741025],[26.808257880392006,-7.551212302920681],[26.811095399659727,-7.575728310212999],[26.82605916016681,-7.576165799268252],[26.80796916006306,-7.625955866190908],[26.924761439720005,-7.641412898692041],[26.955562319921395,-7.625717945375676],[27.087893999621176,-7.634728637702589],[27.225278279687632,-7.610897316677748],[27.21902579959596,-7.531997497160655],[27.233888399920602,-7.485998910614351],[27.28541328526751,-7.541414718712812],[27.354003747239517,-7.53890488370009],[27.36841209377947,-7.512679966493979],[27.43939566856669,-7.472493055294519],[27.442842287817882,-7.534025789833698],[27.497848259875113,-7.519527476252431],[27.510737113298497,-7.481873391581464],[27.575322036825938,-7.50486645391563],[27.59758559985826,-7.526694171283221],[27.59216723964386,-7.57462788655701],[27.61499233327205,-7.583734077016451],[27.673588091782253,-7.672847147977168],[27.631764360225244,-7.70326606609772],[27.639708120061922,-7.806397753061103],[27.704063160216574,-7.874866155396569],[27.774265320182558,-7.863258972061988],[27.789483600359095,-7.843224242792077],[27.807846479900046,-7.848903996344169],[27.807979456613253,-7.881269886051478],[27.848079359767596,-7.888235938706948],[27.852752507266683,-7.904515852748014],[27.82798452027398,-7.985631964635036],[27.708731640069445,-8.147103559604473],[27.7160302801747,-8.15618587429188],[27.745277400124678,-8.130396894026],[27.76825548043902,-8.139156876089867],[27.853375320032946,-8.122687327872459],[27.83754287966296,-8.144527228774463],[27.73626515983457,-8.169471367673275],[27.69887339968244,-8.199637087330297],[27.7025824797102,-8.153458329604316],[27.674697960315786,-8.148361927820403],[27.681852599582662,-8.130241151447393],[27.641333159834453,-8.076658379635127],[27.559661039927963,-8.081824574125848],[27.514086840263126,-8.10727827248161],[27.501569999860127,-8.099249077170434],[27.465841439913838,-8.1342338695179],[27.366037199696525,-8.185994973231068],[27.298456199762104,-8.169226986361487],[27.226268381234252,-8.207158923658252],[27.01546451990882,-8.487013689450482],[27.006469200285437,-8.532941163047324],[27.07184376001562,-8.541411870425424],[27.08511372010504,-8.560600350792416],[26.967828240204238,-8.669895893566075],[26.941995359731045,-8.71554886194983],[26.84256047980912,-8.781153892398207],[26.826107399697545,-8.762564012667527],[26.835260399704445,-8.696728902095387],[26.81801243992384,-8.671031937020746],[26.773199280391307,-8.654011934723462],[26.75311632021904,-8.66946887397577],[26.770397399985864,-8.682535945531459],[26.760364200120843,-8.690953025977329],[26.73213515974698,-8.671385024267378],[26.71425036000697,-8.695075988913427],[26.71109928019606,-8.76265591371745],[26.731850039865698,-8.83723998188856],[26.69162147999636,-8.866546006153676],[26.68008852030665,-8.899105950839472],[26.67336119973893,-9.006957948305178],[26.60771052034829,-9.070395880783266],[26.561968200079733,-9.08896400387984],[26.525350440054467,-9.14806900124398],[26.497946520235395,-9.156261904024046],[26.46457343998211,-9.217385856982675],[26.50224348024295,-9.263979888371928],[26.46513324042277,-9.373194891412863],[26.479969200309327,-9.440561904795674],[26.336179096833863,-9.593049911390104],[26.321476085812737,-9.619217086842776],[26.332635845807562,-9.641216013332501],[26.249758919815022,-9.679228986009848],[26.220108960257363,-9.710678944318113],[26.188503839941685,-9.700322958123353],[26.123042880247475,-9.720725028456382],[26.037690120076803,-9.722583026132344],[26.033519880016502,-9.676593944021297],[25.91478612004497,-9.699095045354548],[25.70014115958272,-9.566884918659095],[25.64074799983247,-9.489723988478273],[25.590183119775187,-9.5170750757548],[25.51039991975594,-9.505491038416663],[25.501640195892225,-9.487193049936097],[25.490262971733415,-9.550516051137095],[25.521311880377965,-9.639842037362355],[25.48652183981632,-9.636057950104675],[25.52195483966113,-9.65684698098476],[25.523970839720064,-9.694062920757961],[25.546015079974072,-9.696825004059493],[25.519246918542798,-9.70744406516738],[25.54835287992397,-9.742316091208552],[25.54158705037665,-9.79405901604606],[25.488306990813552,-9.82422298402595],[25.406657916287333,-9.822675044906395],[25.169343771102668,-9.921333962239018],[25.128328973357313,-9.979893915914039],[25.08542707301654,-9.975388964750996],[25.024565098606473,-10.012902018261498],[24.983272020752434,-10.016388947754857],[24.98297286110158,-10.038172964836336],[25.07205373570254,-10.049838009373113],[24.976827000254342,-10.119390025082325],[24.92440488029659,-10.12823208279419],[24.888175920109475,-10.063318963463814],[24.842846030760878,-10.024131898488122],[24.84542809790789,-10.056529902251356],[24.822924119654417,-10.080851956688015],[24.75180107962272,-10.059904049192138],[24.71199416109998,-9.992704975621976],[24.69294683987266,-10.050780991306318],[24.62483411993505,-10.064371977775972],[24.576146999994272,-10.098008949758519],[24.536527920095775,-10.037387980400762],[24.46302228202923,-9.98154486536088],[24.41455200012666,-10.060094960640017],[24.41450987991962,-10.108412014204536],[24.38972387990888,-10.077910046954035],[24.35958111267116,-9.983340082820796],[24.32507292032654,-9.992055075731244],[24.29199391705623,-10.045127027877376],[24.264028080365698,-10.006279948241968],[24.226908119875798,-9.992945057963986],[24.164217000375817,-10.014344002042288],[24.103586159793437,-10.008406935055985],[24.0859238404099,-9.992682943599275],[24.085034999657104,-9.956363059082378],[24.10580023118598,-9.9362557727879],[24.104522160302025,-9.914192043939915],[24.02579897680962,-9.892287710914228],[24.027624000429054,-9.841243989268065],[24.01299125473113,-9.835567783619556],[24.04699308022481,-9.776094041605221],[24.109725959707422,-9.718538080717963],[24.132022917610406,-9.643029108164168],[24.121232962577036,-9.575969338087955],[24.162730920096223,-9.458993965884304],[24.136022880211993,-9.35916703574935],[24.148118879667297,-9.338711940084163],[24.185791080376426,-9.303724045045762],[24.21529703999403,-9.321153086238002],[24.25142591977365,-9.284930970271498],[24.30026496010036,-9.270340006819941],[24.378167880228744,-9.28019306120005],[24.41104596001439,-9.303340994761243],[24.536787119987842,-9.300618019102394],[24.570137160250738,-9.293467971492388],[24.575339160330618,-9.277385070489016],[24.55421795969231,-9.25660391838968],[24.496683119617504,-9.24250604586909],[24.47355096026561,-9.203447914286158],[24.33660102102892,-9.125261171695431],[24.266754000129044,-9.045256087649717],[24.245543879752347,-8.976222990492523],[24.211910659969167,-8.95481707724293],[24.097896291869237,-8.937965999150055],[24.10614215962751,-8.90310105239585],[23.9958683781673,-8.819708215490163],[23.973032159802624,-8.7784700117081],[23.935350219559197,-8.770144926926466],[23.91119747972147,-8.790466999339515],[23.7484116003497,-8.767001946928506],[23.729001480121855,-8.781284256848888],[23.696059680138163,-8.704568338173432],[23.67814644961768,-8.60100673186587],[23.688177480051277,-8.568819000958149],[23.65112843975646,-8.534734868932839],[23.640091200084925,-8.481729006507656],[23.67011015971351,-8.429038030860577],[23.701343399959434,-8.27601001647066],[23.68442520004154,-8.192279908535461],[23.700798359737213,-8.135978943539804],[23.667755399571043,-8.049105941207152],[23.691078360190943,-7.999999955761689],[23.691168359704314,-7.944787000217358],[23.75598924011422,-7.824128875042915],[23.801090400425164,-7.866419958570067],[23.811842520215414,-7.957556949355402],[23.82414731958377,-7.886665975845153],[23.954940000148945,-7.833299971278413],[23.959799280371524,-7.800245876923733],[23.919784199739578,-7.717788959778566],[23.936439239991632,-7.595198015395289],[23.92149533315063,-7.566020828389169],[23.963848200257754,-7.471858858133359],[23.978691360141312,-7.384882977709369],[24.01000018104199,-7.369752027910498],[23.961694330362292,-7.326527874175337],[23.985664154343578,-7.26223582757103],[23.96107338160024,-7.210298776058642],[24.01448222723575,-7.163484875085764],[24.066528480400496,-7.06796000049467],[24.113264400255364,-7.072033920693818],[24.12658320893332,-7.048249034061607],[24.14107712539395,-7.050556834586039],[24.147531350928762,-7.01701800156272],[24.13051238608712,-7.003449092130055],[24.152374439916656,-6.984624927770396],[24.12179316007305,-6.9466899975366],[24.157453319598652,-6.932240913847382],[24.150793271167636,-6.901215943643271],[24.187364207407025,-6.910892948395434],[24.217025354583242,-6.950433875067951],[24.225517377797324,-7.01707199731506],[24.266468442768208,-7.017326903276189],[24.34514030730506,-7.058724982472437],[24.39742566235408,-7.046315155688537],[24.4830415471563,-7.054114762368565],[24.50463038557869,-7.044248663344955],[24.524130144197173,-6.987624886649404],[24.553781541059287,-7.012880246061703],[24.64397416885926,-6.98024201678305],[24.643739457940136,-6.96071182260192],[24.69802300574419,-6.948308974098192],[24.74884036270196,-6.889946929029495],[24.7812731062788,-6.890175943710811],[24.816902272130477,-6.841687992467304],[24.847486073545134,-6.827207928106575],[24.840797633859555,-6.794679095454616],[24.875542310397677,-6.757845372750999],[24.932419424682692,-6.746114241154468],[24.92748494918261,-6.710354075105239],[24.944249128453492,-6.699272574739233],[25.010241023921665,-6.698174851610153],[25.034185366291585,-6.65823053850118],[25.137456772027242,-6.691708342281144],[25.181356583867693,-6.673060660318462],[25.300909708887975,-6.767238448089679],[25.29852147033148,-6.804982107669894],[25.36770230510824,-6.79182302622425],[25.44834726347109,-6.723963869034479],[25.440716418288954,-6.689496922615183],[25.461607216328243,-6.660061010219102],[25.46568706700637,-6.612251917422236],[25.408354221208036,-6.54495298264438],[25.368343135384148,-6.540846959200497],[25.281812520382612,-6.460914894462157],[25.272367388245286,-6.441611878314567],[25.306277040302653,-6.416350683377277],[25.295885639913045,-6.327545216263101],[25.38286875967936,-6.299033489673691],[25.42784242479699,-6.320305426258433],[25.486800727186175,-6.294309258757632],[25.50371604261372,-6.311793728446515],[25.53679212995262,-6.306458959910936],[25.561359247359555,-6.286433937649309],[25.670965197881358,-6.265626891066158],[25.709291152928373,-6.227648955098466],[25.797264353580065,-6.194664020686828],[25.813989223472394,-6.164063954342985],[25.80339802518719,-6.151431913524903],[25.829124480452055,-6.144040963429091],[25.939312199714806,-6.205506929444728]]],"type":"Polygon"},"properties":{"admin_level":"ADM1","id":"cod-adm1-cd73","name":"Haut-Lomami","source_code":"CD73","source_feature_id":"CD73","source_id":"ocha-rgc-cod-adm1-2017","source_name":"Haut-Lomami"},"type":"Feature"},{"geometry":{"coordinates":[[[26.270477074233145,-4.999999962020482],[28.406990008357806,-5.019724850776682],[29.37207572456457,-5.007911856203008],[29.529978289288316,-5.414999198325678],[29.59897730594988,-5.663999210286523],[29.60697754376674,-5.777999037135226],[29.577977854880316,-5.962999058180206],[29.578978023846307,-6.146999095892989],[29.594977721539042,-6.251999081711181],[29.65497716505429,-6.412999091753542],[29.791975603434874,-6.608998848536332],[30.13572128109938,-6.891137740767186],[30.27619826485633,-7.10260550177849],[30.513964229391252,-7.602998405648727],[30.63778409688956,-7.95727318466679],[30.737452111187267,-8.105270191904788],[30.793141277170896,-8.27154814804563],[29.62837695264856,-8.39549171547736],[29.562836400423517,-8.345090502629013],[29.51912196043354,-8.228349758568037],[29.526456959849916,-8.153903408056975],[29.54331252024304,-8.180611628977015],[29.579186520128804,-8.174127436856166],[29.574939236956464,-8.119239886892302],[29.63900952014923,-8.092376925300606],[29.666847240012284,-8.009707887839763],[29.662215839919373,-7.932529440895999],[29.626041599709485,-7.934654318207978],[29.573074440427842,-7.823013929102491],[29.497520879770438,-7.874015724002796],[29.483616240169862,-7.812796634690333],[29.453708519821188,-7.814446866323474],[29.463508439783325,-7.793345976051897],[29.443165190062548,-7.780147873974197],[29.438713323669077,-7.729664865763787],[29.359305720049907,-7.757368746237846],[29.26299563972524,-7.729226121380369],[29.206689839587884,-7.781898617073368],[29.142664199969772,-7.740251008463344],[29.09672532023222,-7.760238953503017],[29.112959520434917,-7.780355922491506],[29.095838279703237,-7.80684696293627],[29.11693535967785,-7.831527968976317],[29.108648519759466,-7.86914766714037],[29.024484839767453,-7.893648919543818],[29.027759400200686,-7.872546208702996],[28.96755551988969,-7.872257196613392],[28.90327662992162,-7.822541468235541],[28.878402297670657,-7.921422012789395],[28.854026639996864,-7.958361338085949],[28.830049560323022,-7.976455641888442],[28.790545320152138,-7.978006876419199],[28.77098831998544,-7.970200496029629],[28.747403999923485,-7.915565721428335],[28.65645035983902,-7.892603957576117],[28.68731135979076,-7.845590950171182],[28.648714320140446,-7.820791883839386],[28.62280655969843,-7.747965523623338],[28.632820295766173,-7.684726031130929],[28.5481011595862,-7.622684628315955],[28.485691198397102,-7.637188876468312],[28.461033083448484,-7.679319091112037],[28.413097559651423,-7.687477161866116],[28.35581184037122,-7.775523003894698],[28.529979120169532,-7.891480808884269],[28.479799080176598,-8.009186092404246],[28.42941347959551,-8.048049069484614],[28.43243711990866,-8.167464043210162],[28.30306715964943,-8.28033383676432],[28.263759479845866,-8.280986167957803],[28.262083679869843,-8.253720873920244],[28.231873559647116,-8.248908628281457],[28.09767888004924,-8.359337338768666],[28.06631459985789,-8.343623443383256],[28.089311400164444,-8.403916957560375],[28.062393479693856,-8.412341876460307],[27.984348383205457,-8.361031815090081],[27.985869719664997,-8.228595352402978],[27.96025176022521,-8.27225503334424],[27.904681799781443,-8.26020178591318],[27.890261280171096,-8.24203980030111],[27.83388528028753,-8.246309959432418],[27.840717359688725,-8.181205976447787],[27.75156012020374,-8.287043099252154],[27.75787740026844,-8.233712115671894],[27.721522080358508,-8.248298510837534],[27.853375320032946,-8.122687327872459],[27.76825548043902,-8.139156876089867],[27.745277400124678,-8.130396894026],[27.7160302801747,-8.15618587429188],[27.708731640069445,-8.147103559604473],[27.82798452027398,-7.985631964635036],[27.852752507266683,-7.904515852748014],[27.848079359767596,-7.888235938706948],[27.807979456613253,-7.881269886051478],[27.807846479900046,-7.848903996344169],[27.789483600359095,-7.843224242792077],[27.774265320182558,-7.863258972061988],[27.704063160216574,-7.874866155396569],[27.639708120061922,-7.806397753061103],[27.631764360225244,-7.70326606609772],[27.673588091782253,-7.672847147977168],[27.61499233327205,-7.583734077016451],[27.59216723964386,-7.57462788655701],[27.59758559985826,-7.526694171283221],[27.575322036825938,-7.50486645391563],[27.510737113298497,-7.481873391581464],[27.497848259875113,-7.519527476252431],[27.442842287817882,-7.534025789833698],[27.43939566856669,-7.472493055294519],[27.36841209377947,-7.512679966493979],[27.354003747239517,-7.53890488370009],[27.28541328526751,-7.541414718712812],[27.233888399920602,-7.485998910614351],[27.21902579959596,-7.531997497160655],[27.225278279687632,-7.610897316677748],[27.087893999621176,-7.634728637702589],[26.955562319921395,-7.625717945375676],[26.924761439720005,-7.641412898692041],[26.80796916006306,-7.625955866190908],[26.82605916016681,-7.576165799268252],[26.811095399659727,-7.575728310212999],[26.808257880392006,-7.551212302920681],[26.78475384007206,-7.535609416741025],[26.736152974568217,-7.550386914408797],[26.698811885686304,-7.522804803039839],[26.691509276824135,-7.545784857677087],[26.66114222631113,-7.552973856452349],[26.651130242856492,-7.510973886039339],[26.53982510112701,-7.462996953916179],[26.52105902265224,-7.414808997355781],[26.495722146963168,-7.407284040499334],[26.47138803098135,-7.432827997424598],[26.460802952019836,-7.38420812112174],[26.43463272002149,-7.357823355708915],[26.421852756783572,-7.37393091790016],[26.43831123487167,-7.407612948334852],[26.4176997976144,-7.417959767766555],[26.396173506190284,-7.370014178528597],[26.372871595792404,-7.374292421430656],[26.352600479890622,-7.324202898178734],[26.382843359875128,-7.266948935794171],[26.379987691045415,-7.226985708518969],[26.407211278562794,-7.160542210265038],[26.469187920306624,-7.144261729142141],[26.48565761475935,-7.061822726209966],[26.419111200046085,-7.036917861039082],[26.399861279976115,-7.051800065045167],[26.36298288005937,-7.050324529408368],[26.298394199777402,-7.01302605527733],[26.278855560276813,-7.043213095099477],[26.234791200432497,-7.03079728685586],[26.213199480214655,-6.986524615454143],[26.216813520281992,-6.942922667424938],[26.101558080209696,-6.959964052595074],[26.094320280303688,-6.947444926994794],[26.113401360219395,-6.91566169809853],[26.052497279975345,-6.900049445726845],[26.03815235988436,-6.879267365915953],[26.075594520015503,-6.863047341956541],[26.094880440070487,-6.810843499436761],[26.13477455985447,-6.81383634839647],[26.133573240130055,-6.795258905120788],[26.09078433886887,-6.789584761002152],[26.085443039732812,-6.763731687650751],[26.037040320122774,-6.750806628865855],[26.03166371989101,-6.712940913598276],[26.006155919956182,-6.702057613362586],[26.01711416357829,-6.653518814274552],[25.999704925661458,-6.624281212149424],[25.983650007629915,-6.606400532562391],[25.934451406729284,-6.601874322222607],[25.945783120439174,-6.460927260300444],[25.984617326104246,-6.46319717986108],[25.987859543594013,-6.423759608289681],[26.010356271544822,-6.436283508953674],[26.05123603812991,-6.41758048411072],[26.14319334701672,-6.242569765278502],[26.190242100677725,-6.213415153550056],[26.21263949651768,-6.168041690352955],[26.217751496185898,-6.147782680479033],[26.187582419090155,-6.084957858270733],[26.234387453526377,-6.067547805849862],[26.255031179828222,-6.035536577344121],[26.212607456306444,-6.035521144630259],[26.182552500286096,-6.014838926285792],[26.186126219471884,-5.993762668593788],[26.215006135981465,-5.979586023454734],[26.19697157810044,-5.941069498203334],[26.177771340255575,-5.933360128914182],[26.173170900598958,-5.89971012895171],[26.207263615836464,-5.825121362297418],[26.184290277728497,-5.761777155098949],[26.123600345966715,-5.724862907195186],[26.12654658474002,-5.691941819130325],[26.103601267780714,-5.659804345660182],[26.124392704963054,-5.599523955968206],[26.151029101508442,-5.599004880866325],[26.1756779386568,-5.558528130327787],[26.136939063107977,-5.504774621530546],[26.10868806611196,-5.348803859790757],[26.14581522659883,-5.260193004710175],[26.191169093778985,-5.213646929815285],[26.198028172046048,-5.092400934666755],[26.270477074233145,-4.999999962020482]]],"type":"Polygon"},"properties":{"admin_level":"ADM1","id":"cod-adm1-cd74","name":"Tanganyika","source_code":"CD74","source_feature_id":"CD74","source_id":"ocha-rgc-cod-adm1-2017","source_name":"Tanganyika"},"type":"Feature"},{"geometry":{"coordinates":[[[24.98373415815202,-4.83528707382189],[25.01476516247469,-4.916950863177618],[25.061397411355863,-4.986643009438083],[26.270477074233145,-4.999999962020482],[26.198028172046048,-5.092400934666755],[26.191169093778985,-5.213646929815285],[26.14581522659883,-5.260193004710175],[26.10868806611196,-5.348803859790757],[26.136939063107977,-5.504774621530546],[26.1756779386568,-5.558528130327787],[26.151029101508442,-5.599004880866325],[26.124392704963054,-5.599523955968206],[26.103601267780714,-5.659804345660182],[26.12654658474002,-5.691941819130325],[26.123600345966715,-5.724862907195186],[26.184290277728497,-5.761777155098949],[26.207263615836464,-5.825121362297418],[26.173170900598958,-5.89971012895171],[26.177771340255575,-5.933360128914182],[26.19697157810044,-5.941069498203334],[26.215006135981465,-5.979586023454734],[26.186126219471884,-5.993762668593788],[26.182552500286096,-6.014838926285792],[26.212607456306444,-6.035521144630259],[26.255031179828222,-6.035536577344121],[26.234387453526377,-6.067547805849862],[26.187582419090155,-6.084957858270733],[26.217751496185898,-6.147782680479033],[26.190242100677725,-6.213415153550056],[26.14319334701672,-6.242569765278502],[26.116496143509774,-6.295480555534438],[26.07216084009767,-6.296056491825905],[26.055181080429982,-6.266384134581475],[26.02798560029952,-6.262609223934029],[26.016462360381166,-6.204440366355252],[25.985915999849265,-6.219526134902289],[25.97111532039719,-6.275612593548607],[25.939312199714806,-6.205506929444728],[25.829124480452055,-6.144040963429091],[25.80339802518719,-6.151431913524903],[25.813989223472394,-6.164063954342985],[25.797264353580065,-6.194664020686828],[25.709291152928373,-6.227648955098466],[25.670965197881358,-6.265626891066158],[25.561359247359555,-6.286433937649309],[25.53679212995262,-6.306458959910936],[25.50371604261372,-6.311793728446515],[25.486800727186175,-6.294309258757632],[25.42784242479699,-6.320305426258433],[25.38286875967936,-6.299033489673691],[25.295885639913045,-6.327545216263101],[25.306277040302653,-6.416350683377277],[25.272367388245286,-6.441611878314567],[25.281812520382612,-6.460914894462157],[25.368343135384148,-6.540846959200497],[25.408354221208036,-6.54495298264438],[25.41113345328856,-6.561729996321239],[25.458305296804713,-6.593410932771762],[25.466852416390143,-6.625120972706645],[25.440716418288954,-6.689496922615183],[25.44834726347109,-6.723963869034479],[25.33758926042835,-6.804944009178143],[25.29852147033148,-6.804982107669894],[25.300909708887975,-6.767238448089679],[25.181356583867693,-6.673060660318462],[25.137456772027242,-6.691708342281144],[25.034185366291585,-6.65823053850118],[25.010241023921665,-6.698174851610153],[24.944249128453492,-6.699272574739233],[24.92748494918261,-6.710354075105239],[24.932419424682692,-6.746114241154468],[24.875542310397677,-6.757845372750999],[24.840797633859555,-6.794679095454616],[24.847486073545134,-6.827207928106575],[24.816902272130477,-6.841687992467304],[24.7812731062788,-6.890175943710811],[24.74884036270196,-6.889946929029495],[24.69802300574419,-6.948308974098192],[24.643739457940136,-6.96071182260192],[24.64397416885926,-6.98024201678305],[24.553781541059287,-7.012880246061703],[24.524130144197173,-6.987624886649404],[24.50463038557869,-7.044248663344955],[24.4830415471563,-7.054114762368565],[24.39742566235408,-7.046315155688537],[24.34514030730506,-7.058724982472437],[24.266468442768208,-7.017326903276189],[24.225517377797324,-7.01707199731506],[24.22805932438714,-6.974107988767396],[24.20116028380888,-6.925837250308181],[24.147112294035246,-6.903051135193032],[24.157453319598652,-6.932240913847382],[24.12179316007305,-6.9466899975366],[24.152374439916656,-6.984624927770396],[24.13051238608712,-7.003449092130055],[24.147531350928762,-7.01701800156272],[24.14107712539395,-7.050556834586039],[24.12658320893332,-7.048249034061607],[24.113264400255364,-7.072033920693818],[24.066528480400496,-7.06796000049467],[24.01448222723575,-7.163484875085764],[23.96107338160024,-7.210298776058642],[23.985664154343578,-7.26223582757103],[23.961694330362292,-7.326527874175337],[24.01000018104199,-7.369752027910498],[23.978691360141312,-7.384882977709369],[23.963848200257754,-7.471858858133359],[23.92149533315063,-7.566020828389169],[23.936439239991632,-7.595198015395289],[23.919784199739578,-7.717788959778566],[23.959799280371524,-7.800245876923733],[23.954940000148945,-7.833299971278413],[23.82414731958377,-7.886665975845153],[23.821334639631953,-7.953827863979926],[23.811842520215414,-7.957556949355402],[23.801090400425164,-7.866419958570067],[23.75598924011422,-7.824128875042915],[23.716560240136555,-7.880320013014931],[23.688383256235095,-7.967504882081477],[23.625578879839026,-7.966846674798157],[23.583614759569425,-7.936504496312272],[23.49743435996794,-7.979630917883705],[23.442347879996603,-7.943962773474825],[23.389906319597802,-7.955130924193321],[23.309536679598168,-7.944043625204824],[23.26780943967908,-7.97557597620309],[23.22823140021265,-7.950715923563354],[23.209797240252172,-7.957336889391942],[23.176702440107604,-7.91113993754455],[23.170541400427012,-7.874860978982174],[23.188785452618845,-7.841841014350877],[23.17596445074549,-7.794297974590672],[23.229360359742596,-7.656647000241321],[23.21840845463314,-7.591646905847589],[23.228338289849972,-7.570079996543969],[23.20771031999819,-7.51125512207599],[23.229595439869296,-7.500273931001345],[23.254528319818917,-7.450484944020142],[23.232256200333513,-7.413697988505273],[23.25580452041045,-7.364361961210943],[23.22638532008295,-7.336975932312253],[23.23739214818888,-7.208364715900434],[23.23491444012504,-7.172063918448408],[23.214452399886017,-7.161228914437684],[23.233471199603063,-7.059719944914682],[23.2615353595964,-7.040030880101513],[23.24666017297636,-7.008048925762029],[23.270173982475008,-6.974776026496963],[23.27899319996336,-6.920105863005051],[23.183075880148913,-6.90575668031402],[23.14876751983588,-6.860977707320478],[23.084631719814475,-6.849350940093411],[23.020023273901305,-6.766556020080375],[23.057836200191264,-6.710099923971287],[23.10135226252212,-6.538498112895076],[23.139877298609147,-6.458352857245136],[23.16785220019922,-6.503690990615892],[23.17987836372601,-6.606917862583166],[23.255933023513514,-6.588421635440298],[23.32219750826309,-6.535616840094405],[23.36416630336542,-6.524733882519425],[23.392887456123283,-6.539493017289794],[23.425552422285886,-6.526213916639728],[23.446678115398914,-6.54900197443503],[23.41674989010559,-6.580902402431845],[23.434139842091604,-6.641610076997818],[23.475046300318716,-6.666038915385965],[23.49569518025537,-6.706289895966959],[23.534278179237784,-6.736231266582244],[23.609410538723065,-6.771739314139103],[23.628044497477468,-6.748625720540779],[23.695420293454884,-6.726609750895503],[23.709075447544873,-6.74865686029254],[23.737369240281048,-6.727768010114105],[23.72792230432665,-6.719249796483075],[23.755121254649033,-6.675389928864752],[23.78571331158112,-6.66715293799288],[23.74021334779305,-6.631473678041224],[23.748304319945206,-6.581147857109594],[23.76738935424477,-6.58094110794607],[23.786060319097267,-6.522350029195692],[23.76560913499847,-6.507844953833312],[23.805208413333183,-6.439620919084573],[23.79604930118906,-6.393634933300047],[23.81328212435714,-6.403540031130034],[23.808235327107184,-6.390430830426535],[23.839284640891957,-6.367712232346361],[23.852599864393596,-6.392549503280833],[23.904559597220068,-6.386630119940109],[23.907302582278874,-6.402951254464983],[23.940170251488723,-6.412180011859031],[24.065693111864956,-6.379806928222181],[24.09139149657382,-6.35502384973129],[24.004082848908087,-6.296455955212125],[24.00797375962743,-6.217459709934535],[24.107860440035005,-6.192568091695848],[24.139816199755526,-6.128882953129462],[24.174755279805943,-6.102926985780566],[24.15156037582641,-6.062212864229247],[24.118929323760728,-6.065406840434902],[24.106298400011614,-6.048611879121201],[24.07136724040704,-6.056861005444509],[24.055752239946546,-6.035923864484436],[23.9923382398492,-6.028739005195978],[24.015201839762074,-5.952240799920305],[23.976267480027612,-5.939230367830012],[23.956420257548817,-5.853048270654717],[23.957540162060727,-5.815996093535777],[24.007610160227987,-5.831451021195083],[24.06655619971523,-5.797509882569491],[24.187721400021868,-5.798707962953499],[24.199672319762144,-5.776408942017365],[24.172126200226863,-5.71797489481119],[24.170322959854747,-5.66037897064525],[24.124789080173134,-5.613015810722454],[24.06236940011097,-5.582899153971209],[24.04456524033737,-5.466576948737911],[24.05702772008924,-5.397537451428061],[24.066441359987625,-5.385242103931048],[24.077748960220326,-5.416038129390525],[24.108387479815555,-5.422199691357056],[24.1263273570623,-5.37155395563865],[24.163691727581426,-5.371699457703469],[24.30529698275882,-5.410459437899764],[24.416423233084316,-5.377691011942296],[24.436164541496158,-5.341916801423349],[24.46040875138941,-5.381916217111687],[24.507533109959663,-5.388376159175171],[24.55639698690732,-5.33675587059105],[24.515938748481098,-5.168363970052359],[24.561145370108083,-5.172330874814044],[24.578944146278175,-5.12017172205763],[24.580013400181077,-5.039586364449643],[24.675037199918414,-5.000222760976772],[24.71304959981212,-4.999986308248739],[24.764382000448165,-4.928086839346994],[24.844289399741974,-4.954947927610049],[24.822119520214024,-4.884663415913915],[24.846551639698383,-4.858833111022955],[24.92046108036657,-4.865691325703926],[24.98373415815202,-4.83528707382189]]],"type":"Polygon"},"properties":{"admin_level":"ADM1","id":"cod-adm1-cd81","name":"Lomami","source_code":"CD81","source_feature_id":"CD81","source_id":"ocha-rgc-cod-adm1-2017","source_name":"Lomami"},"type":"Feature"},{"geometry":{"coordinates":[[[23.73511230397807,-5.689228568556442],[23.71201992023032,-5.763520054560582],[23.76552737393455,-5.779680909056283],[23.832861406336143,-5.742042876970775],[23.848245643074858,-5.748353924766489],[23.82743120542797,-5.799645853709314],[23.880594181271906,-5.80441897659211],[23.899646111754937,-5.82306615450111],[23.899629377039506,-5.848822974678403],[23.957540162060727,-5.815996093535777],[23.976267480027612,-5.939230367830012],[24.015201839762074,-5.952240799920305],[23.9923382398492,-6.028739005195978],[24.055752239946546,-6.035923864484436],[24.07136724040704,-6.056861005444509],[24.106298400011614,-6.048611879121201],[24.118929323760728,-6.065406840434902],[24.15156037582641,-6.062212864229247],[24.174755279805943,-6.102926985780566],[24.139816199755526,-6.128882953129462],[24.107860440035005,-6.192568091695848],[24.00797375962743,-6.217459709934535],[24.004082848908087,-6.296455955212125],[24.09139149657382,-6.35502384973129],[24.065693111864956,-6.379806928222181],[23.940170251488723,-6.412180011859031],[23.907302582278874,-6.402951254464983],[23.904559597220068,-6.386630119940109],[23.852599864393596,-6.392549503280833],[23.839284640891957,-6.367712232346361],[23.808235327107184,-6.390430830426535],[23.81328212435714,-6.403540031130034],[23.79604930118906,-6.393634933300047],[23.805208413333183,-6.439620919084573],[23.76560913499847,-6.507844953833312],[23.786060319097267,-6.522350029195692],[23.76738935424477,-6.58094110794607],[23.748304319945206,-6.581147857109594],[23.74021334779305,-6.631473678041224],[23.78571331158112,-6.66715293799288],[23.755121254649033,-6.675389928864752],[23.72792230432665,-6.719249796483075],[23.737369240281048,-6.727768010114105],[23.709075447544873,-6.74865686029254],[23.690942984077623,-6.727127704068324],[23.628044497477468,-6.748625720540779],[23.609410538723065,-6.771739314139103],[23.507181346701945,-6.716649941963999],[23.475046300318716,-6.666038915385965],[23.434139842091604,-6.641610076997818],[23.41674989010559,-6.580902402431845],[23.446678115398914,-6.54900197443503],[23.44255702216781,-6.532678609537751],[23.385990227304422,-6.53902194889523],[23.360487467816675,-6.525646856047882],[23.32219750826309,-6.535616840094405],[23.246523702715006,-6.592512226229833],[23.173446225967428,-6.601848902323402],[23.16785220019922,-6.503690990615892],[23.147646564295098,-6.488019992103101],[23.15182698675917,-6.460444800089756],[23.136202439902153,-6.455356941209017],[23.1316434000037,-6.430981944901073],[23.149370520258557,-6.415154898233991],[23.133098631238106,-6.38454898733537],[23.14896732042644,-6.379751952377132],[23.146925400378286,-6.362506009267026],[23.107181399858053,-6.347484981039547],[23.082638400419857,-6.356394052930336],[23.067500399985327,-6.331702070524742],[23.053765320089553,-6.254106078867611],[23.083078343143725,-6.190642169060199],[23.00858856025925,-6.165843197578599],[23.010149491761556,-6.103119016455726],[22.956001920145443,-6.065136169267512],[22.955335201321347,-6.044137895702418],[22.976278185190456,-6.025328860880538],[22.948618320075568,-5.948006018120767],[22.987785213212856,-5.886461901304788],[22.95091727956753,-5.83108724419452],[22.980471120288094,-5.779740090244332],[23.077888920376104,-5.770073823832254],[23.085595799862233,-5.72805682966275],[23.282001000283085,-5.741705762205538],[23.42635761641102,-5.696641427587056],[23.381470079966206,-5.76946991270053],[23.394549581045723,-5.783289949581736],[23.42932740002792,-5.744049977332475],[23.47846596022992,-5.741691954304637],[23.504562359695058,-5.683832308032691],[23.58093816001012,-5.692275028551244],[23.611747477188615,-5.659199905409778],[23.6757078003024,-5.628617258719112],[23.74567006247682,-5.634079820896701],[23.750939879970776,-5.646040101857984],[23.72473007987908,-5.675679990116612],[23.73511230397807,-5.689228568556442]]],"type":"Polygon"},"properties":{"admin_level":"ADM1","id":"cod-adm1-cd82","name":"Kasaï-Oriental","source_code":"CD82","source_feature_id":"CD82","source_id":"ocha-rgc-cod-adm1-2017","source_name":"Kasaï-Oriental"},"type":"Feature"},{"geometry":{"coordinates":[[[23.96771433095,-1.698341191503972],[24.44404425504631,-1.715305850640144],[24.515102048642323,-1.904045208169783],[24.573266898785437,-1.943420205501381],[24.598389880215485,-1.980783041311686],[24.608722979943135,-2.064662828331981],[24.663639177065804,-2.139474287967816],[24.681097016534466,-2.189584700180501],[24.69430830675436,-2.362520265175486],[24.926003539244196,-2.372406174496733],[24.93154110859175,-2.397901655689819],[24.989061170481804,-2.420843597062327],[25.048323953243287,-2.411946279905707],[24.999453638069966,-2.472284742169125],[25.002681398073545,-2.486170480070614],[25.04671551523548,-2.496327919895486],[25.001692478709877,-2.545303480852436],[25.046967875355012,-2.595038573105918],[25.074278009261786,-2.600691865233198],[25.11239866243545,-2.774354129217281],[25.007379759486035,-3.024289983171399],[25.031339917594853,-3.040110070251243],[25.036850077546433,-3.065879931702747],[25.034346717191344,-3.078069524481683],[25.01372977865125,-3.063359958666902],[25.001149959160312,-3.074159895803806],[25.02084987859379,-3.09257006044229],[25.007579919402698,-3.120650085075153],[25.023170077852324,-3.138589913408336],[24.99999975986379,-3.152920028134857],[24.99481000022796,-3.189209971367297],[24.96618978487039,-3.195431914377301],[24.960279240406788,-3.267911925802024],[24.901886159790976,-3.274137005768938],[24.897773515215114,-3.293005060680567],[24.91793028007284,-3.300363922957704],[24.903084091968438,-3.371233049428577],[24.8675881408835,-3.377681211599819],[24.83074720969729,-3.454075945515024],[24.798221350351383,-3.454998819765839],[24.774408293166967,-3.47570785181923],[24.807646371904422,-3.532769020822536],[24.791160182586427,-3.552327829258591],[24.773977373121816,-3.545655847171517],[24.766893349521073,-3.59121498073173],[24.78384808032833,-3.594205887530761],[24.778818275610305,-3.624347883899674],[24.79784199809511,-3.644365456784658],[24.785705480128918,-3.656101809744596],[24.80747609803893,-3.666454792986643],[24.797184326204246,-3.7108638695164],[24.778164173624376,-3.708103896586219],[24.751598395440112,-3.741008158928513],[24.762144174006238,-3.755043895008151],[24.730530416389108,-3.780814848208496],[24.743145165971548,-3.810727876456094],[24.78142145316651,-3.830515879062826],[24.76698722167163,-3.838109776656486],[24.819702411600943,-3.854213908285027],[24.802982212948056,-3.876303893194828],[24.83027251564664,-3.916569922604469],[24.85433225020808,-3.906672845669142],[24.853889089718844,-3.939576981218955],[24.906163626356886,-3.976877881710111],[24.895641189615105,-4.009060937182704],[24.920873206757687,-4.044030972078763],[24.94928941740918,-4.029987942418138],[24.98001544279456,-4.04792785694088],[24.972944322594564,-4.101542962172016],[25.001613281437773,-4.125234890475537],[24.986276202658185,-4.157223026360215],[25.015859200896273,-4.172399997719956],[24.998922358241284,-4.213362890418767],[25.02051544120339,-4.273180959514894],[24.99463144209893,-4.311845015405555],[24.991686157336474,-4.368218076366197],[24.972894283738313,-4.385479889950031],[25.007559401881593,-4.44253289635489],[25.00206724147335,-4.460711962675192],[24.92917230508643,-4.519632946848184],[24.917503230868217,-4.568182952122499],[24.87875140969782,-4.589587898242955],[24.859047171164498,-4.633766881578765],[24.87352528985257,-4.686222858669778],[24.863893131168044,-4.694276945582826],[24.90177916864401,-4.756391854227805],[24.98373415815202,-4.83528707382189],[24.92046108036657,-4.865691325703926],[24.841176839690437,-4.861154866934373],[24.822119520214024,-4.884663415913915],[24.844289399741974,-4.954947927610049],[24.764382000448165,-4.928086839346994],[24.71304959981212,-4.999986308248739],[24.675037199918414,-5.000222760976772],[24.575367960318626,-5.044695889028855],[24.58470126477948,-5.077555573625915],[24.561145370108083,-5.172330874814044],[24.515938748481098,-5.168363970052359],[24.55639698690732,-5.33675587059105],[24.507533109959663,-5.388376159175171],[24.46040875138941,-5.381916217111687],[24.436164541496158,-5.341916801423349],[24.416423233084316,-5.377691011942296],[24.30529698275882,-5.410459437899764],[24.1263273570623,-5.37155395563865],[24.108387479815555,-5.422199691357056],[24.077748960220326,-5.416038129390525],[24.066441359987625,-5.385242103931048],[24.04502784036933,-5.424466618383651],[24.06236940011097,-5.582899153971209],[24.124789080173134,-5.613015810722454],[24.170322959854747,-5.66037897064525],[24.172126200226863,-5.71797489481119],[24.199672319762144,-5.776408942017365],[24.187721400021868,-5.798707962953499],[24.06655619971523,-5.797509882569491],[24.007610160227987,-5.831451021195083],[23.957540162060727,-5.815996093535777],[23.90376412376462,-5.849516938405051],[23.880594181271906,-5.80441897659211],[23.82743120542797,-5.799645853709314],[23.848245643074858,-5.748353924766489],[23.812416304730093,-5.74431984655033],[23.76552737393455,-5.779680909056283],[23.71201992023032,-5.763520054560582],[23.735030039857605,-5.713869945495723],[23.72473007987908,-5.675679990116612],[23.75840231978325,-5.625014933812748],[23.73237431984044,-5.604159927178141],[23.7142793017475,-5.550316954607485],[23.704578324027402,-5.359161863341913],[23.435795159580803,-5.307016891642992],[23.424171542810914,-5.239828114397808],[23.382595439946822,-5.260003024949749],[23.314432320030196,-5.24815499828797],[23.185148040184455,-5.309282816230695],[23.15044836025895,-5.243682630474672],[23.024973239950132,-5.107958970391487],[22.95118125670029,-5.045685036924271],[22.905082440011213,-5.029709019991961],[22.92595883985313,-4.963458610881065],[22.97466360001118,-4.931838171692654],[22.92578171992689,-4.919409961586782],[22.942314360229894,-4.875190996838446],[23.187738251457855,-4.784818770110326],[23.088579461551955,-4.535676973311587],[23.026663066221,-4.515251633926811],[22.88406238787725,-4.51843029593387],[22.827692147991307,-4.473210986845888],[22.815370427956225,-4.441429989108416],[22.66277938950507,-4.26940400716701],[22.542528233084862,-4.215935995019917],[22.467464270426987,-4.158895994740756],[22.403309384799083,-4.144217940004392],[22.329883425501617,-4.080496016712647],[22.281492229480044,-4.002347903726953],[22.247127059708436,-3.996490563361264],[22.162889874169966,-4.040180094770049],[22.117539954187194,-4.024390035052127],[22.08144995439135,-3.983310049775455],[21.99463991572576,-3.961159999598527],[21.96822212061148,-3.975075790548925],[22.020057360414334,-3.892447991512738],[22.068305279639684,-3.877859663877581],[22.156080479924636,-3.796355096854538],[22.132083959809744,-3.778684145204834],[22.142208186860813,-3.76158100315726],[22.128656400113968,-3.578028879655061],[22.01459004022033,-3.572360009208063],[21.9585600004173,-3.601549952373689],[21.939630479764784,-3.574607055243937],[21.929358239999292,-3.504210995426027],[21.941215194164247,-3.441650058464167],[21.989439360136846,-3.401087869461569],[21.99817007650172,-3.296081735432494],[22.095672834757757,-3.209362856619658],[22.11395255455794,-3.121842523280825],[22.108269954902728,-3.0637648951692],[22.164214313393938,-3.011761712150678],[22.181230434169404,-2.956841246283716],[22.221348831838785,-2.928797782089819],[22.166897290991766,-2.922644858697647],[22.03286327418417,-2.729650988775138],[22.01471745097202,-2.674378958430429],[21.91910327573505,-2.585946905618473],[21.85123049131825,-2.558564120447099],[21.830955557576466,-2.53042790537128],[21.876503035954883,-2.506271371932522],[21.992091114990323,-2.394196807291066],[22.061152794532852,-2.300831470750858],[22.093276674857087,-2.307057594940348],[22.09374827421157,-2.362532495272761],[22.130395553775386,-2.39845196220958],[22.131154791887216,-2.433662441100013],[22.148620553598345,-2.448651858166104],[22.22336231481832,-2.406886060692151],[22.133609993559908,-1.877293792728987],[22.195396074784192,-1.810929736617124],[22.492707461713394,-1.916803810425103],[22.58959048572962,-1.7508401626358],[22.622500071228934,-1.777140043071344],[22.621749829744676,-1.802339970139903],[22.638149990102836,-1.815559938093279],[22.6902999492756,-1.808330095391172],[22.759289988174174,-1.855490003041682],[22.824930334244137,-1.862750081784333],[22.868439917026862,-1.88489780975179],[22.931553139607484,-1.878141861090042],[23.146808366964734,-1.944821990246984],[23.201402365344457,-1.979190918551387],[23.287540289904385,-2.08779000559406],[23.327456380683607,-2.029258410267184],[23.423952214642718,-1.997393894753974],[23.45972757052711,-2.030177017936587],[23.58552129452112,-1.990409965779734],[23.59249122758916,-1.884638914122372],[23.562313903959133,-1.793341233486944],[23.678099604272244,-1.821650901311424],[23.702522012070084,-1.781160541598971],[23.767606761814903,-1.765119578174211],[23.797291289443006,-1.740877356884876],[23.947025353812332,-1.738998751780154],[23.96771433095,-1.698341191503972]]],"type":"Polygon"},"properties":{"admin_level":"ADM1","id":"cod-adm1-cd83","name":"Sankuru","source_code":"CD83","source_feature_id":"CD83","source_id":"ocha-rgc-cod-adm1-2017","source_name":"Sankuru"},"type":"Feature"},{"geometry":{"coordinates":[[[22.91916454808437,-4.526404199981984],[23.026663066221,-4.515251633926811],[23.088579461551955,-4.535676973311587],[23.18869404005554,-4.768233829871975],[23.17050936021577,-4.79904993641751],[23.135874371567105,-4.794151098018852],[23.10705035991259,-4.819845485866066],[22.942314360229894,-4.875190996838446],[22.92578171992689,-4.919409961586782],[22.97466360001118,-4.931838171692654],[22.92595883985313,-4.963458610881065],[22.905082440011213,-5.029709019991961],[22.95118125670029,-5.045685036924271],[23.024973239950132,-5.107958970391487],[23.15044836025895,-5.243682630474672],[23.185148040184455,-5.309282816230695],[23.314432320030196,-5.24815499828797],[23.382595439946822,-5.260003024949749],[23.424171542810914,-5.239828114397808],[23.435795159580803,-5.307016891642992],[23.704578324027402,-5.359161863341913],[23.7142793017475,-5.550316954607485],[23.73237431984044,-5.604159927178141],[23.75840231978325,-5.625014933812748],[23.6757078003024,-5.628617258719112],[23.611747477188615,-5.659199905409778],[23.58093816001012,-5.692275028551244],[23.504562359695058,-5.683832308032691],[23.47846596022992,-5.741691954304637],[23.42932740002792,-5.744049977332475],[23.394549581045723,-5.783289949581736],[23.381470079966206,-5.76946991270053],[23.42635761641102,-5.696641427587056],[23.282001000283085,-5.741705762205538],[23.078586959860903,-5.729654406766755],[23.077888920376104,-5.770073823832254],[22.980471120288094,-5.779740090244332],[22.95091727956753,-5.83108724419452],[22.987785213212856,-5.886461901304788],[22.948618320075568,-5.948006018120767],[22.976278185190456,-6.025328860880538],[22.955335201321347,-6.044137895702418],[22.956001920145443,-6.065136169267512],[23.010149491761556,-6.103119016455726],[23.00858856025925,-6.165843197578599],[23.083078343143725,-6.190642169060199],[23.053765320089553,-6.254106078867611],[23.071228920454136,-6.34809432813478],[23.12924040033047,-6.353045915648377],[23.149891439817083,-6.377224982058967],[23.133098631238106,-6.38454898733537],[23.149370520258557,-6.415154898233991],[23.134193279615786,-6.417882974527976],[23.136860160302025,-6.475816858691661],[23.10135226252212,-6.538498112895076],[23.092491240135374,-6.613410966198805],[23.02106688000454,-6.770499481323174],[23.084631719814475,-6.849350940093411],[23.14876751983588,-6.860977707320478],[23.183075880148913,-6.90575668031402],[23.27899319996336,-6.920105863005051],[23.270173982475008,-6.974776026496963],[23.24666017297636,-7.008048925762029],[23.2615353595964,-7.040030880101513],[23.233471199603063,-7.059719944914682],[23.214452399886017,-7.161228914437684],[23.23491444012504,-7.172063918448408],[23.22638532008295,-7.336975932312253],[23.25580452041045,-7.364361961210943],[23.232256200333513,-7.413697988505273],[23.254528319818917,-7.450484944020142],[23.229595439869296,-7.500273931001345],[23.20771031999819,-7.51125512207599],[23.228338289849972,-7.570079996543969],[23.21840845463314,-7.591646905847589],[23.229360359742596,-7.656647000241321],[23.184984230595774,-7.76883278236209],[23.150661480170204,-7.776572013101144],[23.103376200094903,-7.826523008157959],[23.083963199868265,-7.874910962415384],[22.98425255961198,-7.864847233626422],[22.940858880162164,-7.88830323615574],[22.817193479773593,-7.822594551387817],[22.766419799803266,-7.817686249308244],[22.66108991986538,-7.895989988354922],[22.677059879728933,-7.85540004639592],[22.646519999643495,-7.823420094531017],[22.65167986783824,-7.775449953040279],[22.604339880362144,-7.733089928071356],[22.6079993679963,-7.74296870054112],[22.55384051982843,-7.765322926465505],[22.496587919636113,-7.844881136196245],[22.446910080107813,-7.830356626682339],[22.4213209197577,-7.804463785898052],[22.291137359837258,-7.871188259278598],[22.165096319764086,-7.881365899453367],[22.042504799602167,-7.72170215940102],[22.0237052400184,-7.674981915886133],[22.00240944012651,-7.672058970732401],[21.970014479690555,-7.703349286919889],[21.83514515992444,-7.659051027123116],[21.828210120116953,-7.622170022639801],[21.84766991987495,-7.604880105567082],[21.853280160234032,-7.557060021522258],[21.836360160092287,-7.520000065756979],[21.855669839688236,-7.442469989215723],[21.8288098803164,-7.402869975884294],[21.838250159754544,-7.38577996872248],[21.81974004005027,-7.327550044702413],[21.78129996033464,-7.284600046923284],[21.78686987981217,-7.257920032853362],[21.713670003115542,-7.196329977577983],[21.701679839573732,-7.13564002675419],[21.663550080178027,-7.117349993497898],[21.65364046693655,-7.069749550418326],[21.58952012153131,-7.035739482577945],[21.487639882777252,-6.897940053945375],[21.400459919674258,-6.835770088830983],[21.421715399582933,-6.810348894769836],[21.464048159699054,-6.806382911569964],[21.522159359758483,-6.763409911898365],[21.598851599717197,-6.758379590837244],[21.604058999570263,-6.738298941936829],[21.58212635971893,-6.716791873651054],[21.619961280360293,-6.726360254940907],[21.61256904029403,-6.680094994081203],[21.71252880044658,-6.657654154968205],[21.634727399826772,-6.598137921510425],[21.60825932870101,-6.539424020505469],[21.571815239969666,-6.575574246527392],[21.54845123801934,-6.576605473063792],[21.56866487701434,-6.526709883778888],[21.53986631732675,-6.485766713612445],[21.6055030782204,-6.472293016424588],[21.621074397201898,-6.356723976143292],[21.588354357125876,-6.247395902583161],[21.596609102035767,-6.186730037605358],[21.57324624004759,-6.033275859427227],[21.58263036040742,-5.977666007095123],[21.6637883969347,-5.894730983705873],[21.697605356329465,-5.80364495122793],[21.74341139679607,-5.769931990932692],[21.75621443685529,-5.802856936661691],[21.82217831656472,-5.863577935346516],[21.878246440444197,-5.858946997722673],[21.878383312252485,-5.814792862994926],[21.942230395538196,-5.744181955319933],[21.977262355100773,-5.628385892935276],[21.925689475463173,-5.520567883092078],[21.878605435977846,-5.477702901582141],[21.846800012015073,-5.41517349248251],[21.82196987597778,-5.426129981831065],[21.820740116489787,-5.451880045082412],[21.766650116103595,-5.468229969622002],[21.754410116708232,-5.441979881120876],[21.65878007722332,-5.392760083672321],[21.66409789349955,-5.330317360495205],[21.62419278103142,-5.316130857054162],[21.6380383168762,-5.295712983597074],[21.637565277522306,-5.232681940685302],[21.689790475989998,-5.129588855760028],[21.68981158999241,-5.054821953651532],[21.801966836221382,-5.083483927086433],[21.823934396282716,-5.025634917037404],[21.879841675912264,-5.017735646982473],[21.868469636829268,-5.048009760063889],[21.93177131517674,-5.078617420548784],[22.020023155263257,-5.07002388497432],[22.034742473401757,-5.138167945503568],[22.079357269648188,-5.10794802021482],[22.12730566809992,-4.978575211880446],[22.103718109611396,-4.963476026816911],[22.105221115049233,-4.918560457329291],[22.079315169204087,-4.883180053579223],[22.121435154362008,-4.837532886412286],[22.17172427498326,-4.822739002620112],[22.223253225206836,-4.78246184441286],[22.22560711039023,-4.750663863485926],[22.201931873635,-4.721807314395165],[22.248137154159988,-4.703054985109413],[22.286043343542737,-4.626374981643743],[22.369724272494327,-4.643418890964096],[22.42437350828088,-4.621257904371056],[22.46134733623022,-4.508160676058602],[22.528698471656483,-4.443691867037226],[22.52491412718098,-4.198861078222212],[22.66277938950507,-4.26940400716701],[22.83318322862457,-4.479205905512429],[22.91916454808437,-4.526404199981984]]],"type":"Polygon"},"properties":{"admin_level":"ADM1","id":"cod-adm1-cd91","name":"Kasaï-Central","source_code":"CD91","source_feature_id":"CD91","source_id":"ocha-rgc-cod-adm1-2017","source_name":"Kasaï-Central"},"type":"Feature"},{"geometry":{"coordinates":[[[21.681068399621505,-2.468919884513109],[21.830955557576466,-2.53042790537128],[21.87087047515595,-2.570595922552828],[21.91910327573505,-2.585946905618473],[21.994419234694735,-2.651306017162858],[22.142935434168773,-2.89657093927423],[22.181753153951743,-2.931203957205152],[22.221348831838785,-2.928797782089819],[22.181230434169404,-2.956841246283716],[22.164214313393938,-3.011761712150678],[22.108269954902728,-3.0637648951692],[22.11395255455794,-3.121842523280825],[22.095672834757757,-3.209362856619658],[21.99817007650172,-3.296081735432494],[21.989439360136846,-3.401087869461569],[21.941215194164247,-3.441650058464167],[21.929358239999292,-3.504210995426027],[21.939630479764784,-3.574607055243937],[21.9585600004173,-3.601549952373689],[22.01459004022033,-3.572360009208063],[22.128656400113968,-3.578028879655061],[22.142208186860813,-3.76158100315726],[22.132083959809744,-3.778684145204834],[22.156080479924636,-3.796355096854538],[22.068305279639684,-3.877859663877581],[22.020057360414334,-3.892447991512738],[21.96822212061148,-3.975075790548925],[21.99463991572576,-3.961159999598527],[22.08144995439135,-3.983310049775455],[22.117539954187194,-4.024390035052127],[22.162889874169966,-4.040180094770049],[22.238870034874317,-3.999230003706442],[22.27260778621721,-3.997973455376469],[22.30481950560657,-4.02220602065984],[22.329883425501617,-4.080496016712647],[22.403309384799083,-4.144217940004392],[22.467464270426987,-4.158895994740756],[22.513475334289208,-4.188245148918189],[22.53475439138083,-4.305192941463404],[22.528698471656483,-4.443691867037226],[22.46134733623022,-4.508160676058602],[22.42437350828088,-4.621257904371056],[22.369724272494327,-4.643418890964096],[22.286043343542737,-4.626374981643743],[22.248137154159988,-4.703054985109413],[22.201931873635,-4.721807314395165],[22.22560711039023,-4.750663863485926],[22.223253225206836,-4.78246184441286],[22.17172427498326,-4.822739002620112],[22.121435154362008,-4.837532886412286],[22.079315169204087,-4.883180053579223],[22.105221115049233,-4.918560457329291],[22.103718109611396,-4.963476026816911],[22.12730566809992,-4.978575211880446],[22.073139349542117,-5.114829986459706],[22.034742473401757,-5.138167945503568],[22.020023155263257,-5.07002388497432],[21.93177131517674,-5.078617420548784],[21.868469636829268,-5.048009760063889],[21.879841675912264,-5.017735646982473],[21.823934396282716,-5.025634917037404],[21.801966836221382,-5.083483927086433],[21.68981158999241,-5.054821953651532],[21.689790475989998,-5.129588855760028],[21.637565277522306,-5.232681940685302],[21.6380383168762,-5.295712983597074],[21.62419278103142,-5.316130857054162],[21.66409789349955,-5.330317360495205],[21.65878007722332,-5.392760083672321],[21.754410116708232,-5.441979881120876],[21.766650116103595,-5.468229969622002],[21.820740116489787,-5.451880045082412],[21.82196987597778,-5.426129981831065],[21.846800012015073,-5.41517349248251],[21.878605435977846,-5.477702901582141],[21.925689475463173,-5.520567883092078],[21.977262355100773,-5.628385892935276],[21.942230395538196,-5.744181955319933],[21.878383312252485,-5.814792862994926],[21.878246440444197,-5.858946997722673],[21.82217831656472,-5.863577935346516],[21.75621443685529,-5.802856936661691],[21.74341139679607,-5.769931990932692],[21.697605356329465,-5.80364495122793],[21.6637883969347,-5.894730983705873],[21.58263036040742,-5.977666007095123],[21.57324624004759,-6.033275859427227],[21.596609102035767,-6.186730037605358],[21.588354357125876,-6.247395902583161],[21.621074397201898,-6.356723976143292],[21.6055030782204,-6.472293016424588],[21.53986631732675,-6.485766713612445],[21.56866487701434,-6.526709883778888],[21.54845123801934,-6.576605473063792],[21.571815239969666,-6.575574246527392],[21.60825932870101,-6.539424020505469],[21.634727399826772,-6.598137921510425],[21.71252880044658,-6.657654154968205],[21.61256904029403,-6.680094994081203],[21.619961280360293,-6.726360254940907],[21.58212635971893,-6.716791873651054],[21.604058999570263,-6.738298941936829],[21.598851599717197,-6.758379590837244],[21.522159359758483,-6.763409911898365],[21.464048159699054,-6.806382911569964],[21.421715399582933,-6.810348894769836],[21.400459919674258,-6.835770088830983],[21.487639882777252,-6.897940053945375],[21.58952012153131,-7.035739482577945],[21.65364046693655,-7.069749550418326],[21.663550080178027,-7.117349993497898],[21.701679839573732,-7.13564002675419],[21.713670003115542,-7.196329977577983],[21.78686987981217,-7.257920032853362],[21.779689173232352,-7.274680032888474],[21.48712415997264,-7.28723013452448],[21.38962714823947,-7.273402919566063],[21.33938446243358,-7.293409954370378],[21.298000293613097,-7.282899857561246],[20.542873318085462,-7.298904902714873],[20.54460923781187,-7.14096291624483],[20.586162077005028,-7.016521443539271],[20.619869397917675,-6.97537090363431],[20.621912388757632,-6.931953958985773],[20.546524437912762,-6.918932969545152],[20.49539723853876,-6.931538020173255],[20.315179080361442,-6.928036413073951],[20.297100240028463,-7.009959894727066],[19.9580633999293,-7.01244491383471],[19.9699613999162,-6.981954976817351],[19.93061628012821,-6.858101997030883],[19.754585279982965,-6.629527936699213],[19.72571344292101,-6.61188292158612],[19.702402199925686,-6.547610885733274],[19.703827440006023,-6.50003889665793],[19.716484319676937,-6.497818009972261],[19.704822479591716,-6.44717399286729],[19.720348179428154,-6.42566087435061],[19.684196280319345,-6.317160009156263],[19.697710314468072,-6.285516970940988],[19.695913199707896,-6.239778951291889],[19.680137280437314,-6.224482903810751],[19.695440160354035,-6.161810075311978],[19.74495996017271,-6.102790077235118],[19.868799959814833,-6.024209997662521],[19.88573003995234,-5.995790008115913],[19.900351256671915,-6.010138765428149],[20.000000160210305,-5.966569982873054],[20.05143984035252,-5.859019942162984],[20.11245012032776,-5.833610013576165],[20.114939648424112,-5.797280988061249],[20.1541519972131,-5.765998136233589],[20.171059835064206,-5.738729553378576],[20.168099983221083,-5.690640105416763],[20.18188008039067,-5.69048994057535],[20.19072946061133,-5.623149484164086],[20.165360039857816,-5.599780093158106],[20.155839840003807,-5.531409924666415],[20.144810159655382,-5.532730006900881],[20.151719999922495,-5.484470008326023],[20.178587954300358,-5.483699321751283],[20.155280039563145,-5.482469897638858],[20.146780079733507,-5.463050048049139],[20.14603992004167,-5.428080046534437],[20.168629920068437,-5.41323004223113],[20.14014995957449,-5.413089915038376],[20.157289247460223,-5.384438692385585],[20.144601829561182,-5.353086851031448],[20.167229880426774,-5.327910022126958],[20.183969879745153,-5.33099000622686],[20.172930120299224,-5.290440051226229],[20.203800000995862,-5.270600203515587],[20.186290079901983,-5.238990019995657],[20.2003191640172,-5.188681779966925],[20.182219920249178,-5.093119892211254],[20.1398376279266,-5.035366664024453],[20.14323983986004,-4.999490062457482],[20.11522318008396,-4.9590653944263],[20.085890040157324,-4.822019935138494],[20.055810412806025,-4.782270191567736],[20.051889839715994,-4.700800045660115],[20.070870119673632,-4.668470091219665],[20.062090080409757,-4.595020085699534],[20.124749880147398,-4.500119906038709],[20.092330080395502,-4.470949921327649],[20.093209920029153,-4.434369933036494],[20.04365988022309,-4.352859989836647],[20.032970039733137,-4.292739956725088],[20.126109960030245,-4.292459950926504],[20.169839879789237,-4.340459913868566],[20.231250120271696,-4.348849994121944],[20.234060543655502,-4.382000118184084],[20.260130040374534,-4.397330063012165],[20.308120793493615,-4.383560280200532],[20.352539879179005,-4.39876996838548],[20.382839998915134,-4.299760028969502],[20.415730920117756,-4.284330923245189],[20.469237745001283,-4.294570097859375],[20.484870119777707,-4.265630085976677],[20.630678523897537,-4.20738044052012],[20.66212908008542,-4.103414148521001],[20.64345947977385,-3.971134932047415],[20.625322319914304,-3.326887736875275],[20.753903159603727,-2.92440552583039],[20.806826040026742,-2.803928926586989],[20.8654282798817,-2.748579566876863],[20.8644839996011,-2.702342421747704],[20.949886440200245,-2.558095337887873],[20.962133248825477,-2.489821043708165],[21.0940822803502,-2.505604972616579],[21.1325572802759,-2.496115990454705],[21.174812280424405,-2.514244011062551],[21.39140915962478,-2.473068922825746],[21.443254218013706,-2.497663864685804],[21.412697400193565,-2.445885662907314],[21.410085240382845,-2.309602927226076],[21.561498360222743,-2.378752988581653],[21.59521524010834,-2.419367929389647],[21.64641956434105,-2.431295031962203],[21.681068399621505,-2.468919884513109]]],"type":"Polygon"},"properties":{"admin_level":"ADM1","id":"cod-adm1-cd92","name":"Kasaï","source_code":"CD92","source_feature_id":"CD92","source_id":"ocha-rgc-cod-adm1-2017","source_name":"Kasaï"},"type":"Feature"}],"type":"FeatureCollection"}
